rep,k,density,class_size,join_regret,hcat_regret,rho_u,omega_u,join_worst_utility,hcat_worst_utility,join_support_fraction,hcat_support_fraction,bound_holds
0,1,0.4375,63775,9.25,9.25,1.0,1.0,-0.6,-0.6,0.5064210113680909,0.5064210113680909,True
0,2,0.4375,629,9.25,9.25,1.0,1.0,-0.6,-0.6,0.5500794912559619,0.5500794912559619,True
0,3,0.4375,1,0.0,0.0,0.0,0.0,8.65,8.65,1.0,1.0,True
1,1,0.3125,63775,0.0,0.0,1.0,1.0,-0.6,-0.6,0.5064210113680909,0.5064210113680909,True
1,2,0.3125,6,0.0,0.8000000000000007,1.0,1.0,-0.6,8.6,0.6666666666666666,1.0,True
1,3,0.3125,1,0.0,0.0,0.0,0.0,9.4,9.4,1.0,1.0,True
2,1,0.9375,63775,0.0,0.0,1.0,1.0,-0.6,-0.6,0.5064210113680909,0.5064210113680909,True
2,2,0.9375,27535,0.0,0.0,1.0,1.0,-0.6,-0.6,0.5917559469765753,0.5917559469765753,True
2,3,0.9375,743,0.0,0.0,1.0,1.0,-0.6,-0.6,0.7617765814266487,0.7617765814266487,True
3,1,0.5,63775,0.0,0.0,1.0,1.0,-0.6,-0.6,0.5064210113680909,0.5064210113680909,True
3,2,0.5,629,0.0,0.0,1.0,1.0,-0.6,-0.6,0.5500794912559619,0.5500794912559619,True
3,3,0.5,1,0.0,0.0,0.0,0.0,9.4,9.4,1.0,1.0,True
4,1,0.5625,63775,0.0,0.0,1.0,1.0,-0.6,-0.6,0.5064210113680909,0.5064210113680909,True
4,2,0.5625,27535,0.0,0.0,1.0,1.0,-0.6,-0.6,0.5917559469765753,0.5917559469765753,True
4,3,0.5625,6,0.0,0.7000000000000011,1.0,1.0,-0.6,8.7,0.6666666666666666,1.0,True
5,1,0.3125,63775,8.299999999999999,8.299999999999999,1.0,1.0,-0.6,-0.6,0.5064210113680909,0.5064210113680909,True
5,2,0.3125,4,0.0,0.0,1.0,1.0,7.699999999999999,7.699999999999999,1.0,1.0,True
5,3,0.3125,1,0.0,0.0,0.0,0.0,7.699999999999999,7.699999999999999,1.0,1.0,True
6,1,0.8125,63775,0.0,0.0,1.0,1.0,-0.6,-0.6,0.5064210113680909,0.5064210113680909,True
6,2,0.8125,27535,0.0,0.0,1.0,1.0,-0.6,-0.6,0.5917559469765753,0.5917559469765753,True
6,3,0.8125,743,0.0,0.0,1.0,1.0,-0.6,-0.6,0.7617765814266487,0.7617765814266487,True
7,1,0.25,63775,0.0,0.0,1.0,1.0,-0.6,-0.6,0.5064210113680909,0.5064210113680909,True
7,2,0.25,1,0.0,0.0,0.0,0.0,9.4,9.4,1.0,1.0,True
7,3,0.25,1,0.0,0.0,0.0,0.0,9.4,9.4,1.0,1.0,True
8,1,0.375,63775,0.0,0.0,1.0,1.0,-0.6,-0.6,0.5064210113680909,0.5064210113680909,True
8,2,0.375,68,0.0,3.000000000000001,1.0,1.0,-0.6,6.3999999999999995,0.7647058823529411,1.0,True
8,3,0.375,2,0.0,0.0,1.0,1.0,9.4,9.4,1.0,1.0,True
9,1,0.3125,63775,9.299999999999999,9.299999999999999,1.0,1.0,-0.6,-0.6,0.5064210113680909,0.5064210113680909,True
9,2,0.3125,35,0.0,9.299999999999999,1.0,1.0,-1.3,-0.6,0.7428571428571429,0.0,True
9,3,0.3125,1,0.0,0.0,0.0,0.0,8.7,8.7,1.0,1.0,True
10,1,0.375,63775,0.0,0.0,1.0,1.0,-0.6,-0.6,0.5064210113680909,0.5064210113680909,True
10,2,0.375,52,0.0,2.9000000000000004,1.0,1.0,-0.6,6.5,0.8076923076923077,1.0,True
10,3,0.375,1,0.0,0.0,0.0,0.0,9.4,9.4,1.0,1.0,True
11,1,0.5625,63775,0.0,0.0,1.0,1.0,-0.6,-0.6,0.5064210113680909,0.5064210113680909,True
11,2,0.5625,27535,0.0,0.0,1.0,1.0,-0.6,-0.6,0.5917559469765753,0.5917559469765753,True
11,3,0.5625,1,0.0,0.0,0.0,0.0,9.4,9.4,1.0,1.0,True
12,1,0.5625,63775,9.25,9.25,1.0,1.0,-0.6,-0.6,0.5064210113680909,0.5064210113680909,True
12,2,0.5625,27535,9.25,9.25,1.0,1.0,-0.6,-0.6,0.5917559469765753,0.5917559469765753,True
12,3,0.5625,3,0.0,0.0,1.0,1.0,8.65,8.65,1.0,1.0,True
13,1,0.625,63775,0.0,0.0,1.0,1.0,-0.6,-0.6,0.5064210113680909,0.5064210113680909,True
13,2,0.625,27535,0.0,0.0,1.0,1.0,-0.6,-0.6,0.5917559469765753,0.5917559469765753,True
13,3,0.625,4,0.0,0.0,1.0,1.0,9.4,9.4,1.0,1.0,True
14,1,0.6875,63775,0.0,0.0,1.0,1.0,-0.6,-0.6,0.5064210113680909,0.5064210113680909,True
14,2,0.6875,27535,0.0,0.0,1.0,1.0,-0.6,-0.6,0.5917559469765753,0.5917559469765753,True
14,3,0.6875,43,0.0,0.7000000000000011,1.0,1.0,-0.6,8.7,0.6976744186046512,1.0,True
15,1,0.8125,63775,0.0,0.0,1.0,1.0,-0.6,-0.6,0.5064210113680909,0.5064210113680909,True
15,2,0.8125,27535,0.0,0.0,1.0,1.0,-0.6,-0.6,0.5917559469765753,0.5917559469765753,True
15,3,0.8125,743,0.0,0.0,1.0,1.0,-0.6,-0.6,0.7617765814266487,0.7617765814266487,True
16,1,0.8125,63775,9.299999999999999,9.299999999999999,1.0,1.0,-0.6,-0.6,0.5064210113680909,0.5064210113680909,True
16,2,0.8125,27535,9.299999999999999,9.299999999999999,1.0,1.0,-0.6,-0.6,0.5917559469765753,0.5917559469765753,True
16,3,0.8125,43,0.0,0.0,1.0,1.0,8.7,8.7,1.0,1.0,True
17,1,0.6875,63775,0.0,0.0,1.0,1.0,-0.6,-0.6,0.5064210113680909,0.5064210113680909,True
17,2,0.6875,27535,0.0,0.0,1.0,1.0,-0.6,-0.6,0.5917559469765753,0.5917559469765753,True
17,3,0.6875,2,0.0,0.0,1.0,1.0,9.4,9.4,1.0,1.0,True
18,1,0.3125,63775,0.0,0.0,1.0,1.0,-0.6,-0.6,0.5064210113680909,0.5064210113680909,True
18,2,0.3125,2,0.0,0.0,1.0,1.0,9.4,9.4,1.0,1.0,True
18,3,0.3125,2,0.0,0.0,1.0,1.0,9.4,9.4,1.0,1.0,True
19,1,0.125,193,0.0,0.0,1.0,1.0,-0.6,-0.6,0.5647668393782384,0.5647668393782384,True
19,2,0.125,1,0.0,0.0,0.0,0.0,9.4,9.4,1.0,1.0,True
19,3,0.125,1,0.0,0.0,0.0,0.0,9.4,9.4,1.0,1.0,True
20,1,0.5,63775,0.0,0.0,1.0,1.0,-0.6,-0.6,0.5064210113680909,0.5064210113680909,True
20,2,0.5,629,0.0,0.0,1.0,1.0,-0.6,-0.6,0.5500794912559619,0.5500794912559619,True
20,3,0.5,1,0.0,0.0,0.0,0.0,9.4,9.4,1.0,1.0,True
21,1,0.875,63775,0.0,0.0,1.0,1.0,-0.6,-0.6,0.5064210113680909,0.5064210113680909,True
21,2,0.875,27535,0.0,0.0,1.0,1.0,-0.6,-0.6,0.5917559469765753,0.5917559469765753,True
21,3,0.875,743,0.0,0.0,1.0,1.0,-0.6,-0.6,0.7617765814266487,0.7617765814266487,True
22,1,0.625,63775,0.0,0.0,1.0,1.0,-0.6,-0.6,0.5064210113680909,0.5064210113680909,True
22,2,0.625,629,0.0,0.0,1.0,1.0,-0.6,-0.6,0.7281399046104928,0.7281399046104928,True
22,3,0.625,1,0.0,0.0,0.0,0.0,9.4,9.4,1.0,1.0,True
23,1,0.375,63775,9.15,9.15,1.0,1.0,-0.6,-0.6,0.5064210113680909,0.5064210113680909,True
23,2,0.375,52,9.9,0.0,1.0,1.0,-1.35,8.55,0.6538461538461539,1.0,True
23,3,0.375,1,0.0,0.0,0.0,0.0,8.55,8.55,1.0,1.0,True
24,1,0.75,63775,0.0,0.0,1.0,1.0,-0.6,-0.6,0.5064210113680909,0.5064210113680909,True
24,2,0.75,27535,0.0,0.0,1.0,1.0,-0.6,-0.6,0.5917559469765753,0.5917559469765753,True
24,3,0.75,22,0.0,0.0,1.0,1.0,9.4,9.4,1.0,1.0,True
25,1,0.875,63775,0.0,0.0,1.0,1.0,-0.6,-0.6,0.5064210113680909,0.5064210113680909,True
25,2,0.875,27535,0.0,0.0,1.0,1.0,-0.6,-0.6,0.5917559469765753,0.5917559469765753,True
25,3,0.875,743,0.0,0.0,1.0,1.0,-0.6,-0.6,0.7617765814266487,0.7617765814266487,True
26,1,0.625,63775,9.299999999999999,9.299999999999999,1.0,1.0,-0.6,-0.6,0.5064210113680909,0.5064210113680909,True
26,2,0.625,27535,9.299999999999999,9.299999999999999,1.0,1.0,-0.6,-0.6,0.5917559469765753,0.5917559469765753,True
26,3,0.625,6,0.0,0.0,1.0,1.0,8.7,8.7,1.0,1.0,True
27,1,0.875,63775,0.0,0.0,1.0,1.0,-0.6,-0.6,0.5064210113680909,0.5064210113680909,True
27,2,0.875,27535,0.0,0.0,1.0,1.0,-0.6,-0.6,0.5917559469765753,0.5917559469765753,True
27,3,0.875,743,0.0,0.0,1.0,1.0,-0.6,-0.6,0.7617765814266487,0.7617765814266487,True
28,1,0.5625,63775,9.25,9.25,1.0,1.0,-0.6,-0.6,0.5064210113680909,0.5064210113680909,True
28,2,0.5625,27535,9.25,9.25,1.0,1.0,-0.6,-0.6,0.5917559469765753,0.5917559469765753,True
28,3,0.5625,4,0.0,0.0,1.0,1.0,8.65,8.65,1.0,1.0,True
29,1,0.6875,63775,9.299999999999999,9.299999999999999,1.0,1.0,-0.6,-0.6,0.5064210113680909,0.5064210113680909,True
29,2,0.6875,27535,9.299999999999999,9.299999999999999,1.0,1.0,-0.6,-0.6,0.5917559469765753,0.5917559469765753,True
29,3,0.6875,743,9.299999999999999,9.299999999999999,1.0,1.0,-0.6,-0.6,0.7617765814266487,0.7617765814266487,True
30,1,0.1875,63775,0.0,0.0,1.0,1.0,-0.6,-0.6,0.5064210113680909,0.5064210113680909,True
30,2,0.1875,2,0.0,0.0,1.0,1.0,9.4,9.4,1.0,1.0,True
30,3,0.1875,1,0.0,0.0,0.0,0.0,9.4,9.4,1.0,1.0,True
31,1,0.5625,63775,0.0,0.0,1.0,1.0,-0.6,-0.6,0.5064210113680909,0.5064210113680909,True
31,2,0.5625,68,0.0,0.8000000000000007,1.0,1.0,-0.6,8.6,0.5,1.0,True
31,3,0.5625,3,0.0,0.7000000000000011,1.0,1.0,-0.6,8.7,0.6666666666666666,1.0,True
32,1,0.25,193,0.0,9.299999999999999,1.0,1.0,-1.3,-0.6,0.5647668393782384,0.0,True
32,2,0.25,1,0.0,0.0,0.0,0.0,8.7,8.7,1.0,1.0,True
32,3,0.25,1,0.0,0.0,0.0,0.0,8.7,8.7,1.0,1.0,True
33,1,0.3125,63775,8.35,8.35,1.0,1.0,-0.6,-0.6,0.5064210113680909,0.5064210113680909,True
33,2,0.3125,25,9.1,0.0,1.0,1.0,-1.35,7.75,0.56,1.0,True
33,3,0.3125,1,0.0,0.0,0.0,0.0,7.75,7.75,1.0,1.0,True
34,1,0.75,63775,0.0,0.0,1.0,1.0,-0.6,-0.6,0.5064210113680909,0.5064210113680909,True
34,2,0.75,27535,0.0,0.0,1.0,1.0,-0.6,-0.6,0.5917559469765753,0.5917559469765753,True
34,3,0.75,22,0.0,0.0,1.0,1.0,9.4,9.4,1.0,1.0,True
35,1,0.5,63775,0.0,0.0,1.0,1.0,-0.6,-0.6,0.5064210113680909,0.5064210113680909,True
35,2,0.5,27535,0.0,0.0,1.0,1.0,-0.6,-0.6,0.5917559469765753,0.5917559469765753,True
35,3,0.5,4,0.0,0.0,1.0,1.0,9.4,9.4,1.0,1.0,True
36,1,0.0625,1,0.0,0.0,0.0,0.0,8.65,8.65,1.0,1.0,True
36,2,0.0625,1,0.0,0.0,0.0,0.0,8.65,8.65,1.0,1.0,True
36,3,0.0625,1,0.0,0.0,0.0,0.0,8.65,8.65,1.0,1.0,True
37,1,0.375,63775,9.299999999999999,9.299999999999999,1.0,1.0,-0.6,-0.6,0.5064210113680909,0.5064210113680909,True
37,2,0.375,25,9.299999999999999,0.0,1.0,1.0,-0.6,8.7,0.56,1.0,True
37,3,0.375,1,0.0,0.0,0.0,0.0,8.7,8.7,1.0,1.0,True
38,1,0.125,7,9.0,8.299999999999999,1.0,1.0,-1.3,-0.6,0.7142857142857143,0.0,True
38,2,0.125,1,0.0,0.0,0.0,0.0,7.699999999999999,7.699999999999999,1.0,1.0,True
38,3,0.125,1,0.0,0.0,0.0,0.0,7.699999999999999,7.699999999999999,1.0,1.0,True
39,1,0.5625,63775,9.299999999999999,9.299999999999999,1.0,1.0,-0.6,-0.6,0.5064210113680909,0.5064210113680909,True
39,2,0.5625,27535,9.299999999999999,9.299999999999999,1.0,1.0,-0.6,-0.6,0.5917559469765753,0.5917559469765753,True
39,3,0.5625,1,0.0,0.0,0.0,0.0,8.7,8.7,1.0,1.0,True
40,1,0.375,63775,0.0,0.0,1.0,1.0,-0.6,-0.6,0.5064210113680909,0.5064210113680909,True
40,2,0.375,68,0.0,1.75,1.0,1.0,-0.6,7.65,0.7058823529411765,1.0,True
40,3,0.375,1,0.0,0.0,0.0,0.0,9.4,9.4,1.0,1.0,True
41,1,0.5625,63775,0.0,0.0,1.0,1.0,-0.6,-0.6,0.5064210113680909,0.5064210113680909,True
41,2,0.5625,68,0.0,0.8000000000000007,1.0,1.0,-0.6,8.6,0.5,1.0,True
41,3,0.5625,2,0.0,0.0,1.0,1.0,9.4,9.4,1.0,1.0,True
42,1,0.4375,63775,9.2,9.2,1.0,1.0,-0.6,-0.6,0.5064210113680909,0.5064210113680909,True
42,2,0.4375,52,0.0,0.8499999999999996,1.0,1.0,-1.4,7.75,0.8076923076923077,1.0,True
42,3,0.4375,1,0.0,0.0,0.0,0.0,8.6,8.6,1.0,1.0,True
43,1,0.4375,63775,0.0,0.0,1.0,1.0,-0.6,-0.6,0.5064210113680909,0.5064210113680909,True
43,2,0.4375,25,0.0,0.0,1.0,1.0,9.4,9.4,1.0,1.0,True
43,3,0.4375,1,0.0,0.0,0.0,0.0,9.4,9.4,1.0,1.0,True
44,1,0.5625,63775,9.299999999999999,9.299999999999999,1.0,1.0,-0.6,-0.6,0.5064210113680909,0.5064210113680909,True
44,2,0.5625,629,9.299999999999999,9.299999999999999,1.0,1.0,-0.6,-0.6,0.7281399046104928,0.7281399046104928,True
44,3,0.5625,5,0.0,0.0,1.0,1.0,8.7,8.7,1.0,1.0,True
45,1,0.25,193,0.0,9.299999999999999,1.0,1.0,-1.3,-0.6,0.5647668393782384,0.0,True
45,2,0.25,2,0.0,0.0,1.0,1.0,8.7,8.7,1.0,1.0,True
45,3,0.25,1,0.0,0.0,0.0,0.0,8.7,8.7,1.0,1.0,True
46,1,0.5625,63775,9.25,9.25,1.0,1.0,-0.6,-0.6,0.5064210113680909,0.5064210113680909,True
46,2,0.5625,68,0.0,0.0,1.0,1.0,8.65,8.65,1.0,1.0,True
46,3,0.5625,3,0.0,0.0,1.0,1.0,8.65,8.65,1.0,1.0,True
47,1,0.625,63775,0.0,0.0,1.0,1.0,-0.6,-0.6,0.5064210113680909,0.5064210113680909,True
47,2,0.625,27535,0.0,0.0,1.0,1.0,-0.6,-0.6,0.5917559469765753,0.5917559469765753,True
47,3,0.625,17,0.0,0.0,1.0,1.0,9.4,9.4,1.0,1.0,True
48,1,0.5,63775,9.299999999999999,9.299999999999999,1.0,1.0,-0.6,-0.6,0.5064210113680909,0.5064210113680909,True
48,2,0.5,27535,9.299999999999999,9.299999999999999,1.0,1.0,-0.6,-0.6,0.5917559469765753,0.5917559469765753,True
48,3,0.5,4,0.0,0.0,1.0,1.0,8.7,8.7,1.0,1.0,True
49,1,0.25,193,0.0,9.15,1.0,1.0,-1.45,-0.6,0.5647668393782384,0.0,True
49,2,0.25,2,0.0,0.0,1.0,1.0,8.55,8.55,1.0,1.0,True
49,3,0.25,1,0.0,0.0,0.0,0.0,8.55,8.55,1.0,1.0,True
50,1,0.6875,63775,0.0,0.0,1.0,1.0,-0.6,-0.6,0.5064210113680909,0.5064210113680909,True
50,2,0.6875,27535,0.0,0.0,1.0,1.0,-0.6,-0.6,0.5917559469765753,0.5917559469765753,True
50,3,0.6875,4,0.0,0.0,1.0,1.0,9.4,9.4,1.0,1.0,True
51,1,0.3125,63775,9.15,9.15,1.0,1.0,-0.6,-0.6,0.5064210113680909,0.5064210113680909,True
51,2,0.3125,1,0.0,0.0,0.0,0.0,8.55,8.55,1.0,1.0,True
51,3,0.3125,1,0.0,0.0,0.0,0.0,8.55,8.55,1.0,1.0,True
52,1,0.375,63775,9.25,9.25,1.0,1.0,-0.6,-0.6,0.5064210113680909,0.5064210113680909,True
52,2,0.375,6,0.0,0.0,1.0,1.0,8.65,8.65,1.0,1.0,True
52,3,0.375,1,0.0,0.0,0.0,0.0,8.65,8.65,1.0,1.0,True
53,1,0.5,63775,9.299999999999999,9.299999999999999,1.0,1.0,-0.6,-0.6,0.5064210113680909,0.5064210113680909,True
53,2,0.5,629,9.299999999999999,9.299999999999999,1.0,1.0,-0.6,-0.6,0.5500794912559619,0.5500794912559619,True
53,3,0.5,2,0.0,0.0,1.0,1.0,8.7,8.7,1.0,1.0,True
54,1,0.5625,63775,9.299999999999999,9.299999999999999,1.0,1.0,-0.6,-0.6,0.5064210113680909,0.5064210113680909,True
54,2,0.5625,68,0.0,1.1499999999999995,1.0,1.0,-1.3,7.55,0.7647058823529411,1.0,True
54,3,0.5625,2,0.0,0.0,1.0,1.0,8.7,8.7,1.0,1.0,True
55,1,0.375,63775,0.0,0.0,1.0,1.0,-0.6,-0.6,0.5064210113680909,0.5064210113680909,True
55,2,0.375,629,0.0,0.0,1.0,1.0,-0.6,-0.6,0.5500794912559619,0.5500794912559619,True
55,3,0.375,1,0.0,0.0,0.0,0.0,9.4,9.4,1.0,1.0,True
56,1,0.3125,63775,9.2,9.2,1.0,1.0,-0.6,-0.6,0.5064210113680909,0.5064210113680909,True
56,2,0.3125,68,0.0,1.0,1.0,1.0,-1.4,7.6,0.7647058823529411,1.0,True
56,3,0.3125,1,0.0,0.0,0.0,0.0,8.6,8.6,1.0,1.0,True
57,1,0.25,63775,9.299999999999999,9.299999999999999,1.0,1.0,-0.6,-0.6,0.5064210113680909,0.5064210113680909,True
57,2,0.25,2,0.0,0.0,1.0,1.0,8.7,8.7,1.0,1.0,True
57,3,0.25,1,0.0,0.0,0.0,0.0,8.7,8.7,1.0,1.0,True
58,1,0.375,63775,9.25,9.25,1.0,1.0,-0.6,-0.6,0.5064210113680909,0.5064210113680909,True
58,2,0.375,52,9.25,0.9500000000000011,1.0,1.0,-0.6,7.699999999999999,0.6538461538461539,1.0,True
58,3,0.375,1,0.0,0.0,0.0,0.0,8.65,8.65,1.0,1.0,True
59,1,0.375,63775,9.15,9.15,1.0,1.0,-0.6,-0.6,0.5064210113680909,0.5064210113680909,True
59,2,0.375,35,9.9,9.15,1.0,1.0,-1.35,-0.6,0.7428571428571429,0.0,True
59,3,0.375,1,0.0,0.0,0.0,0.0,8.55,8.55,1.0,1.0,True
60,1,0.4375,63775,0.0,0.0,1.0,1.0,-0.6,-0.6,0.5064210113680909,0.5064210113680909,True
60,2,0.4375,68,0.0,3.000000000000001,1.0,1.0,-0.6,6.3999999999999995,0.7647058823529411,1.0,True
60,3,0.4375,2,0.0,0.0,1.0,1.0,9.4,9.4,1.0,1.0,True
61,1,0.0625,1,0.0,0.0,0.0,0.0,6.5,6.5,1.0,1.0,True
61,2,0.0625,1,0.0,0.0,0.0,0.0,6.5,6.5,1.0,1.0,True
61,3,0.0625,1,0.0,0.0,0.0,0.0,6.5,6.5,1.0,1.0,True
62,1,0.8125,63775,9.299999999999999,9.299999999999999,1.0,1.0,-0.6,-0.6,0.5064210113680909,0.5064210113680909,True
62,2,0.8125,27535,9.299999999999999,9.299999999999999,1.0,1.0,-0.6,-0.6,0.5917559469765753,0.5917559469765753,True
62,3,0.8125,743,9.299999999999999,9.299999999999999,1.0,1.0,-0.6,-0.6,0.7617765814266487,0.7617765814266487,True
63,1,0.8125,63775,0.0,0.0,1.0,1.0,-0.6,-0.6,0.5064210113680909,0.5064210113680909,True
63,2,0.8125,27535,0.0,0.0,1.0,1.0,-0.6,-0.6,0.5917559469765753,0.5917559469765753,True
63,3,0.8125,43,0.0,0.75,1.0,1.0,-0.6,8.65,0.6976744186046512,1.0,True
64,1,0.6875,63775,9.299999999999999,9.299999999999999,1.0,1.0,-0.6,-0.6,0.5064210113680909,0.5064210113680909,True
64,2,0.6875,27535,9.299999999999999,9.299999999999999,1.0,1.0,-0.6,-0.6,0.5917559469765753,0.5917559469765753,True
64,3,0.6875,8,0.0,0.0,1.0,1.0,8.7,8.7,1.0,1.0,True
65,1,0.25,63775,9.15,9.15,1.0,1.0,-0.6,-0.6,0.5064210113680909,0.5064210113680909,True
65,2,0.25,35,9.850000000000001,9.15,1.0,1.0,-1.3,-0.6,0.7428571428571429,0.0,True
65,3,0.25,1,0.0,0.0,0.0,0.0,8.55,8.55,1.0,1.0,True
66,1,0.5625,63775,9.299999999999999,9.299999999999999,1.0,1.0,-0.6,-0.6,0.5064210113680909,0.5064210113680909,True
66,2,0.5625,27535,9.299999999999999,9.299999999999999,1.0,1.0,-0.6,-0.6,0.5917559469765753,0.5917559469765753,True
66,3,0.5625,3,0.0,0.0,1.0,1.0,8.7,8.7,1.0,1.0,True
67,1,0.75,63775,0.0,0.0,1.0,1.0,-0.6,-0.6,0.5064210113680909,0.5064210113680909,True
67,2,0.75,27535,0.0,0.0,1.0,1.0,-0.6,-0.6,0.5917559469765753,0.5917559469765753,True
67,3,0.75,43,0.0,0.0,1.0,1.0,9.4,9.4,1.0,1.0,True
68,1,0.3125,193,0.0,9.2,1.0,1.0,-1.4,-0.6,0.5647668393782384,0.0,True
68,2,0.3125,2,0.0,0.0,1.0,1.0,8.6,8.6,1.0,1.0,True
68,3,0.3125,1,0.0,0.0,0.0,0.0,8.6,8.6,1.0,1.0,True
69,1,0.9375,63775,0.0,0.0,1.0,1.0,-0.6,-0.6,0.5064210113680909,0.5064210113680909,True
69,2,0.9375,27535,0.0,0.0,1.0,1.0,-0.6,-0.6,0.5917559469765753,0.5917559469765753,True
69,3,0.9375,743,0.0,0.0,1.0,1.0,-0.6,-0.6,0.7617765814266487,0.7617765814266487,True
70,1,0.875,63775,0.0,0.0,1.0,1.0,-0.6,-0.6,0.5064210113680909,0.5064210113680909,True
70,2,0.875,27535,0.0,0.0,1.0,1.0,-0.6,-0.6,0.5917559469765753,0.5917559469765753,True
70,3,0.875,43,0.0,1.700000000000001,1.0,1.0,-0.6,7.699999999999999,0.813953488372093,1.0,True
71,1,0.1875,193,9.299999999999999,9.299999999999999,1.0,1.0,-0.6,-0.6,0.5647668393782384,0.5647668393782384,True
71,2,0.1875,1,0.0,0.0,0.0,0.0,8.7,8.7,1.0,1.0,True
71,3,0.1875,1,0.0,0.0,0.0,0.0,8.7,8.7,1.0,1.0,True
72,1,0.5,63775,9.299999999999999,9.299999999999999,1.0,1.0,-0.6,-0.6,0.5064210113680909,0.5064210113680909,True
72,2,0.5,629,0.0,9.299999999999999,1.0,1.0,-1.3,-0.6,0.7281399046104928,0.0,True
72,3,0.5,2,0.0,0.0,1.0,1.0,8.7,8.7,1.0,1.0,True
73,1,0.5625,63775,0.0,0.0,1.0,1.0,-0.6,-0.6,0.5064210113680909,0.5064210113680909,True
73,2,0.5625,629,0.0,0.0,1.0,1.0,-0.6,-0.6,0.7281399046104928,0.7281399046104928,True
73,3,0.5625,1,0.0,0.0,0.0,0.0,9.4,9.4,1.0,1.0,True
74,1,0.5,63775,9.2,9.2,1.0,1.0,-0.6,-0.6,0.5064210113680909,0.5064210113680909,True
74,2,0.5,629,0.0,9.2,1.0,1.0,-1.4,-0.6,0.7281399046104928,0.0,True
74,3,0.5,1,0.0,0.0,0.0,0.0,8.6,8.6,1.0,1.0,True
75,1,0.25,63775,9.299999999999999,9.299999999999999,1.0,1.0,-0.6,-0.6,0.5064210113680909,0.5064210113680909,True
75,2,0.25,1,0.0,0.0,0.0,0.0,8.7,8.7,1.0,1.0,True
75,3,0.25,1,0.0,0.0,0.0,0.0,8.7,8.7,1.0,1.0,True
76,1,0.75,63775,0.0,0.0,1.0,1.0,-0.6,-0.6,0.5064210113680909,0.5064210113680909,True
76,2,0.75,27535,0.0,0.0,1.0,1.0,-0.6,-0.6,0.5917559469765753,0.5917559469765753,True
76,3,0.75,22,0.0,0.0,1.0,1.0,9.4,9.4,1.0,1.0,True
77,1,0.375,63775,9.25,9.25,1.0,1.0,-0.6,-0.6,0.5064210113680909,0.5064210113680909,True
77,2,0.375,68,9.25,2.200000000000001,1.0,1.0,-0.6,6.449999999999999,0.7647058823529411,1.0,True
77,3,0.375,2,0.0,0.0,1.0,1.0,8.65,8.65,1.0,1.0,True
78,1,0.8125,63775,0.0,0.0,1.0,1.0,-0.6,-0.6,0.5064210113680909,0.5064210113680909,True
78,2,0.8125,27535,0.0,0.0,1.0,1.0,-0.6,-0.6,0.5917559469765753,0.5917559469765753,True
78,3,0.8125,743,0.0,0.0,1.0,1.0,-0.6,-0.6,0.7617765814266487,0.7617765814266487,True
79,1,0.5625,63775,0.0,0.0,1.0,1.0,-0.6,-0.6,0.5064210113680909,0.5064210113680909,True
79,2,0.5625,27535,0.0,0.0,1.0,1.0,-0.6,-0.6,0.5917559469765753,0.5917559469765753,True
79,3,0.5625,1,0.0,0.0,0.0,0.0,9.4,9.4,1.0,1.0,True
80,1,0.4375,63775,9.25,9.25,1.0,1.0,-0.6,-0.6,0.5064210113680909,0.5064210113680909,True
80,2,0.4375,52,0.0,1.1000000000000005,1.0,1.0,-1.35,7.55,0.8076923076923077,1.0,True
80,3,0.4375,1,0.0,0.0,0.0,0.0,8.65,8.65,1.0,1.0,True
81,1,0.5,63775,9.299999999999999,9.299999999999999,1.0,1.0,-0.6,-0.6,0.5064210113680909,0.5064210113680909,True
81,2,0.5,629,9.299999999999999,9.299999999999999,1.0,1.0,-0.6,-0.6,0.5500794912559619,0.5500794912559619,True
81,3,0.5,1,0.0,0.0,0.0,0.0,8.7,8.7,1.0,1.0,True
82,1,0.8125,63775,0.0,0.0,1.0,1.0,-0.6,-0.6,0.5064210113680909,0.5064210113680909,True
82,2,0.8125,27535,0.0,0.0,1.0,1.0,-0.6,-0.6,0.5917559469765753,0.5917559469765753,True
82,3,0.8125,43,0.0,0.0,1.0,1.0,9.4,9.4,1.0,1.0,True
83,1,0.3125,63775,9.299999999999999,9.299999999999999,1.0,1.0,-0.6,-0.6,0.5064210113680909,0.5064210113680909,True
83,2,0.3125,25,0.0,0.0,1.0,1.0,8.7,8.7,1.0,1.0,True
83,3,0.3125,1,0.0,0.0,0.0,0.0,8.7,8.7,1.0,1.0,True
84,1,0.8125,63775,0.0,0.0,1.0,1.0,-0.6,-0.6,0.5064210113680909,0.5064210113680909,True
84,2,0.8125,27535,0.0,0.0,1.0,1.0,-0.6,-0.6,0.5917559469765753,0.5917559469765753,True
84,3,0.8125,743,0.0,0.0,1.0,1.0,-0.6,-0.6,0.7617765814266487,0.7617765814266487,True
85,1,0.375,63775,9.15,9.15,1.0,1.0,-0.6,-0.6,0.5064210113680909,0.5064210113680909,True
85,2,0.375,9,9.850000000000001,0.0,1.0,1.0,-1.3,8.55,0.6666666666666666,1.0,True
85,3,0.375,1,0.0,0.0,0.0,0.0,8.55,8.55,1.0,1.0,True
86,1,0.5,63775,0.0,0.0,1.0,1.0,-0.6,-0.6,0.5064210113680909,0.5064210113680909,True
86,2,0.5,27535,0.0,0.0,1.0,1.0,-0.6,-0.6,0.5917559469765753,0.5917559469765753,True
86,3,0.5,1,0.0,0.0,0.0,0.0,9.4,9.4,1.0,1.0,True
87,1,0.8125,63775,0.0,0.0,1.0,1.0,-0.6,-0.6,0.5064210113680909,0.5064210113680909,True
87,2,0.8125,27535,0.0,0.0,1.0,1.0,-0.6,-0.6,0.5917559469765753,0.5917559469765753,True
87,3,0.8125,43,0.0,0.0,1.0,1.0,9.4,9.4,1.0,1.0,True
88,1,0.5625,63775,0.0,0.0,1.0,1.0,-0.6,-0.6,0.5064210113680909,0.5064210113680909,True
88,2,0.5625,629,0.0,0.0,1.0,1.0,-0.6,-0.6,0.5500794912559619,0.5500794912559619,True
88,3,0.5625,5,0.0,0.0,1.0,1.0,9.4,9.4,1.0,1.0,True
89,1,0.375,63775,9.25,9.25,1.0,1.0,-0.6,-0.6,0.5064210113680909,0.5064210113680909,True
89,2,0.375,4,0.0,0.0,1.0,1.0,8.65,8.65,1.0,1.0,True
89,3,0.375,2,0.0,0.0,1.0,1.0,8.65,8.65,1.0,1.0,True
90,1,0.3125,63775,9.2,9.2,1.0,1.0,-0.6,-0.6,0.5064210113680909,0.5064210113680909,True
90,2,0.3125,6,9.95,0.0,1.0,1.0,-1.35,8.6,0.6666666666666666,1.0,True
90,3,0.3125,1,0.0,0.0,0.0,0.0,8.6,8.6,1.0,1.0,True
91,1,0.1875,63775,0.0,0.0,1.0,1.0,-0.6,-0.6,0.5064210113680909,0.5064210113680909,True
91,2,0.1875,2,0.0,0.0,1.0,1.0,9.4,9.4,1.0,1.0,True
91,3,0.1875,1,0.0,0.0,0.0,0.0,9.4,9.4,1.0,1.0,True
92,1,0.5,63775,9.299999999999999,9.299999999999999,1.0,1.0,-0.6,-0.6,0.5064210113680909,0.5064210113680909,True
92,2,0.5,27535,9.299999999999999,9.299999999999999,1.0,1.0,-0.6,-0.6,0.5917559469765753,0.5917559469765753,True
92,3,0.5,2,9.299999999999999,0.0,1.0,1.0,-0.6,8.7,0.5,1.0,True
93,1,0.6875,63775,0.0,0.0,1.0,1.0,-0.6,-0.6,0.5064210113680909,0.5064210113680909,True
93,2,0.6875,27535,0.0,0.0,1.0,1.0,-0.6,-0.6,0.5917559469765753,0.5917559469765753,True
93,3,0.6875,8,0.0,0.0,1.0,1.0,9.4,9.4,1.0,1.0,True
94,1,0.3125,63775,0.0,0.0,1.0,1.0,-0.6,-0.6,0.5064210113680909,0.5064210113680909,True
94,2,0.3125,35,0.0,0.0,1.0,1.0,-0.6,-0.6,0.7428571428571429,0.7428571428571429,True
94,3,0.3125,1,0.0,0.0,0.0,0.0,9.4,9.4,1.0,1.0,True
95,1,0.125,1,0.0,0.0,0.0,0.0,6.3999999999999995,6.3999999999999995,1.0,1.0,True
95,2,0.125,1,0.0,0.0,0.0,0.0,6.3999999999999995,6.3999999999999995,1.0,1.0,True
95,3,0.125,1,0.0,0.0,0.0,0.0,6.3999999999999995,6.3999999999999995,1.0,1.0,True
96,1,0.375,63775,0.0,0.0,1.0,1.0,-0.6,-0.6,0.5064210113680909,0.5064210113680909,True
96,2,0.375,6,0.0,0.75,1.0,1.0,-0.6,8.65,0.6666666666666666,1.0,True
96,3,0.375,1,0.0,0.0,0.0,0.0,9.4,9.4,1.0,1.0,True
97,1,0.3125,63775,9.299999999999999,9.299999999999999,1.0,1.0,-0.6,-0.6,0.5064210113680909,0.5064210113680909,True
97,2,0.3125,3,0.0,0.14999999999999858,1.0,1.0,-1.3,8.55,0.6666666666666666,1.0,True
97,3,0.3125,1,0.0,0.0,0.0,0.0,8.7,8.7,1.0,1.0,True
98,1,0.8125,63775,0.0,0.0,1.0,1.0,-0.6,-0.6,0.5064210113680909,0.5064210113680909,True
98,2,0.8125,27535,0.0,0.0,1.0,1.0,-0.6,-0.6,0.5917559469765753,0.5917559469765753,True
98,3,0.8125,743,0.0,0.0,1.0,1.0,-0.6,-0.6,0.7617765814266487,0.7617765814266487,True
99,1,0.4375,63775,9.2,9.2,1.0,1.0,-0.6,-0.6,0.5064210113680909,0.5064210113680909,True
99,2,0.4375,68,9.9,0.0,1.0,1.0,-1.3,8.6,0.7058823529411765,1.0,True
99,3,0.4375,1,0.0,0.0,0.0,0.0,8.6,8.6,1.0,1.0,True
100,1,0.4375,63775,8.299999999999999,8.299999999999999,1.0,1.0,-0.6,-0.6,0.5064210113680909,0.5064210113680909,True
100,2,0.4375,6,0.0,0.0,1.0,1.0,7.699999999999999,7.699999999999999,1.0,1.0,True
100,3,0.4375,1,0.0,0.0,0.0,0.0,7.699999999999999,7.699999999999999,1.0,1.0,True
101,1,0.625,63775,9.299999999999999,9.299999999999999,1.0,1.0,-0.6,-0.6,0.5064210113680909,0.5064210113680909,True
101,2,0.625,629,0.0,9.299999999999999,1.0,1.0,-1.3,-0.6,0.7281399046104928,0.0,True
101,3,0.625,1,0.0,0.0,0.0,0.0,8.7,8.7,1.0,1.0,True
102,1,0.5625,63775,0.0,0.0,1.0,1.0,-0.6,-0.6,0.5064210113680909,0.5064210113680909,True
102,2,0.5625,629,0.0,0.0,1.0,1.0,-0.6,-0.6,0.5500794912559619,0.5500794912559619,True
102,3,0.5625,5,0.0,0.7000000000000011,1.0,1.0,-0.6,8.7,0.6,1.0,True
103,1,0.1875,193,9.05,8.25,1.0,1.0,-1.4,-0.6,0.5647668393782384,0.0,True
103,2,0.1875,1,0.0,0.0,0.0,0.0,7.65,7.65,1.0,1.0,True
103,3,0.1875,1,0.0,0.0,0.0,0.0,7.65,7.65,1.0,1.0,True
104,1,0.125,7,9.25,9.25,1.0,1.0,-0.6,-0.6,0.7142857142857143,0.7142857142857143,True
104,2,0.125,1,0.0,0.0,0.0,0.0,8.65,8.65,1.0,1.0,True
104,3,0.125,1,0.0,0.0,0.0,0.0,8.65,8.65,1.0,1.0,True
105,1,0.4375,63775,9.299999999999999,9.299999999999999,1.0,1.0,-0.6,-0.6,0.5064210113680909,0.5064210113680909,True
105,2,0.4375,27535,9.299999999999999,9.299999999999999,1.0,1.0,-0.6,-0.6,0.5917559469765753,0.5917559469765753,True
105,3,0.4375,4,0.0,0.0,1.0,1.0,8.7,8.7,1.0,1.0,True
106,1,0.25,63775,9.299999999999999,9.299999999999999,1.0,1.0,-0.6,-0.6,0.5064210113680909,0.5064210113680909,True
106,2,0.25,4,9.299999999999999,0.0,1.0,1.0,-0.6,8.7,0.5,1.0,True
106,3,0.25,1,0.0,0.0,0.0,0.0,8.7,8.7,1.0,1.0,True
107,1,0.5625,63775,0.0,0.0,1.0,1.0,-0.6,-0.6,0.5064210113680909,0.5064210113680909,True
107,2,0.5625,27535,0.0,0.0,1.0,1.0,-0.6,-0.6,0.5917559469765753,0.5917559469765753,True
107,3,0.5625,4,0.0,0.0,1.0,1.0,9.4,9.4,1.0,1.0,True
108,1,0.5,63775,9.299999999999999,9.299999999999999,1.0,1.0,-0.6,-0.6,0.5064210113680909,0.5064210113680909,True
108,2,0.5,629,9.299999999999999,9.299999999999999,1.0,1.0,-0.6,-0.6,0.7281399046104928,0.7281399046104928,True
108,3,0.5,2,0.0,0.0,1.0,1.0,8.7,8.7,1.0,1.0,True
109,1,0.625,63775,0.0,0.0,1.0,1.0,-0.6,-0.6,0.5064210113680909,0.5064210113680909,True
109,2,0.625,629,0.0,0.0,1.0,1.0,-0.6,-0.6,0.7281399046104928,0.7281399046104928,True
109,3,0.625,4,0.0,0.0,1.0,1.0,9.4,9.4,1.0,1.0,True
110,1,0.25,63775,9.2,9.2,1.0,1.0,-0.6,-0.6,0.5064210113680909,0.5064210113680909,True
110,2,0.25,1,0.0,0.0,0.0,0.0,8.6,8.6,1.0,1.0,True
110,3,0.25,1,0.0,0.0,0.0,0.0,8.6,8.6,1.0,1.0,True
111,1,0.125,7,9.1,8.25,1.0,1.0,-1.45,-0.6,0.7142857142857143,0.0,True
111,2,0.125,1,0.0,0.0,0.0,0.0,7.65,7.65,1.0,1.0,True
111,3,0.125,1,0.0,0.0,0.0,0.0,7.65,7.65,1.0,1.0,True
112,1,0.625,63775,0.0,0.0,1.0,1.0,-0.6,-0.6,0.5064210113680909,0.5064210113680909,True
112,2,0.625,27535,0.0,0.0,1.0,1.0,-0.6,-0.6,0.5917559469765753,0.5917559469765753,True
112,3,0.625,5,0.0,0.0,1.0,1.0,9.4,9.4,1.0,1.0,True
113,1,0.25,63775,9.25,9.25,1.0,1.0,-0.6,-0.6,0.5064210113680909,0.5064210113680909,True
113,2,0.25,2,0.0,0.0,1.0,1.0,8.65,8.65,1.0,1.0,True
113,3,0.25,1,0.0,0.0,0.0,0.0,8.65,8.65,1.0,1.0,True
114,1,0.625,63775,9.2,9.2,1.0,1.0,-0.6,-0.6,0.5064210113680909,0.5064210113680909,True
114,2,0.625,629,0.0,9.2,1.0,1.0,-1.4,-0.6,0.7281399046104928,0.0,True
114,3,0.625,5,0.0,0.0,1.0,1.0,8.6,8.6,1.0,1.0,True
115,1,0.25,63775,0.0,0.0,1.0,1.0,-0.6,-0.6,0.5064210113680909,0.5064210113680909,True
115,2,0.25,2,0.0,0.0,1.0,1.0,9.4,9.4,1.0,1.0,True
115,3,0.25,1,0.0,0.0,0.0,0.0,9.4,9.4,1.0,1.0,True
116,1,0.25,63775,9.25,9.25,1.0,1.0,-0.6,-0.6,0.5064210113680909,0.5064210113680909,True
116,2,0.25,4,9.25,0.0,1.0,1.0,-0.6,8.65,0.5,1.0,True
116,3,0.25,1,0.0,0.0,0.0,0.0,8.65,8.65,1.0,1.0,True
117,1,0.75,63775,9.299999999999999,9.299999999999999,1.0,1.0,-0.6,-0.6,0.5064210113680909,0.5064210113680909,True
117,2,0.75,27535,9.299999999999999,9.299999999999999,1.0,1.0,-0.6,-0.6,0.5917559469765753,0.5917559469765753,True
117,3,0.75,743,9.299999999999999,9.299999999999999,1.0,1.0,-0.6,-0.6,0.7617765814266487,0.7617765814266487,True
118,1,0.6875,63775,0.0,0.0,1.0,1.0,-0.6,-0.6,0.5064210113680909,0.5064210113680909,True
118,2,0.6875,27535,0.0,0.0,1.0,1.0,-0.6,-0.6,0.5917559469765753,0.5917559469765753,True
118,3,0.6875,17,0.0,0.75,1.0,1.0,-0.6,8.65,0.5294117647058824,1.0,True
119,1,0.1875,193,9.049999999999999,8.2,1.0,1.0,-1.45,-0.6,0.5647668393782384,0.0,True
119,2,0.1875,1,0.0,0.0,0.0,0.0,7.6,7.6,1.0,1.0,True
119,3,0.1875,1,0.0,0.0,0.0,0.0,7.6,7.6,1.0,1.0,True
120,1,0.5625,63775,0.0,0.0,1.0,1.0,-0.6,-0.6,0.5064210113680909,0.5064210113680909,True
120,2,0.5625,27535,0.0,0.0,1.0,1.0,-0.6,-0.6,0.5917559469765753,0.5917559469765753,True
120,3,0.5625,1,0.0,0.0,0.0,0.0,9.4,9.4,1.0,1.0,True
121,1,0.1875,63775,9.25,9.25,1.0,1.0,-0.6,-0.6,0.5064210113680909,0.5064210113680909,True
121,2,0.1875,2,9.950000000000001,0.0,1.0,1.0,-1.3,8.65,0.5,1.0,True
121,3,0.1875,1,0.0,0.0,0.0,0.0,8.65,8.65,1.0,1.0,True
122,1,0.5625,63775,0.0,0.0,1.0,1.0,-0.6,-0.6,0.5064210113680909,0.5064210113680909,True
122,2,0.5625,27535,0.0,0.0,1.0,1.0,-0.6,-0.6,0.5917559469765753,0.5917559469765753,True
122,3,0.5625,4,0.0,0.0,1.0,1.0,9.4,9.4,1.0,1.0,True
123,1,0.25,63775,9.15,9.15,1.0,1.0,-0.6,-0.6,0.5064210113680909,0.5064210113680909,True
123,2,0.25,1,0.0,0.0,0.0,0.0,8.55,8.55,1.0,1.0,True
123,3,0.25,1,0.0,0.0,0.0,0.0,8.55,8.55,1.0,1.0,True
124,1,0.5,63775,9.299999999999999,9.299999999999999,1.0,1.0,-0.6,-0.6,0.5064210113680909,0.5064210113680909,True
124,2,0.5,629,9.299999999999999,9.299999999999999,1.0,1.0,-0.6,-0.6,0.7281399046104928,0.7281399046104928,True
124,3,0.5,1,0.0,0.0,0.0,0.0,8.7,8.7,1.0,1.0,True
125,1,0.75,63775,0.0,0.0,1.0,1.0,-0.6,-0.6,0.5064210113680909,0.5064210113680909,True
125,2,0.75,27535,0.0,0.0,1.0,1.0,-0.6,-0.6,0.5917559469765753,0.5917559469765753,True
125,3,0.75,22,0.0,0.0,1.0,1.0,9.4,9.4,1.0,1.0,True
126,1,0.375,63775,9.2,9.2,1.0,1.0,-0.6,-0.6,0.5064210113680909,0.5064210113680909,True
126,2,0.375,6,0.0,0.0,1.0,1.0,8.6,8.6,1.0,1.0,True
126,3,0.375,1,0.0,0.0,0.0,0.0,8.6,8.6,1.0,1.0,True
127,1,0.375,193,0.0,9.15,1.0,1.0,-1.45,-0.6,0.5647668393782384,0.0,True
127,2,0.375,3,0.0,0.9000000000000004,1.0,1.0,-1.45,7.65,0.6666666666666666,1.0,True
127,3,0.375,1,0.0,0.0,0.0,0.0,8.55,8.55,1.0,1.0,True
128,1,0.4375,63775,9.299999999999999,9.299999999999999,1.0,1.0,-0.6,-0.6,0.5064210113680909,0.5064210113680909,True
128,2,0.4375,52,0.0,0.0,1.0,1.0,8.7,8.7,1.0,1.0,True
128,3,0.4375,1,0.0,0.0,0.0,0.0,8.7,8.7,1.0,1.0,True
129,1,0.8125,63775,0.0,0.0,1.0,1.0,-0.6,-0.6,0.5064210113680909,0.5064210113680909,True
129,2,0.8125,27535,0.0,0.0,1.0,1.0,-0.6,-0.6,0.5917559469765753,0.5917559469765753,True
129,3,0.8125,43,0.0,1.6500000000000004,1.0,1.0,-0.6,7.75,0.813953488372093,1.0,True
130,1,0.375,193,0.0,9.299999999999999,1.0,1.0,-1.3,-0.6,0.5647668393782384,0.0,True
130,2,0.375,35,0.0,9.299999999999999,1.0,1.0,-1.3,-0.6,0.7428571428571429,0.0,True
130,3,0.375,1,0.0,0.0,0.0,0.0,8.7,8.7,1.0,1.0,True
131,1,0.875,63775,0.0,0.0,1.0,1.0,-0.6,-0.6,0.5064210113680909,0.5064210113680909,True
131,2,0.875,27535,0.0,0.0,1.0,1.0,-0.6,-0.6,0.5917559469765753,0.5917559469765753,True
131,3,0.875,743,0.0,0.0,1.0,1.0,-0.6,-0.6,0.7617765814266487,0.7617765814266487,True
132,1,0.875,63775,0.0,0.0,1.0,1.0,-0.6,-0.6,0.5064210113680909,0.5064210113680909,True
132,2,0.875,27535,0.0,0.0,1.0,1.0,-0.6,-0.6,0.5917559469765753,0.5917559469765753,True
132,3,0.875,743,0.0,0.0,1.0,1.0,-0.6,-0.6,0.7617765814266487,0.7617765814266487,True
133,1,0.3125,63775,9.2,9.2,1.0,1.0,-0.6,-0.6,0.5064210113680909,0.5064210113680909,True
133,2,0.3125,2,0.0,0.0,1.0,1.0,8.6,8.6,1.0,1.0,True
133,3,0.3125,1,0.0,0.0,0.0,0.0,8.6,8.6,1.0,1.0,True
134,1,0.75,63775,0.0,0.0,1.0,1.0,-0.6,-0.6,0.5064210113680909,0.5064210113680909,True
134,2,0.75,27535,0.0,0.0,1.0,1.0,-0.6,-0.6,0.5917559469765753,0.5917559469765753,True
134,3,0.75,22,0.0,0.0,1.0,1.0,9.4,9.4,1.0,1.0,True
135,1,0.1875,193,0.0,9.299999999999999,1.0,1.0,-1.3,-0.6,0.5647668393782384,0.0,True
135,2,0.1875,2,0.0,0.0,1.0,1.0,8.7,8.7,1.0,1.0,True
135,3,0.1875,1,0.0,0.0,0.0,0.0,8.7,8.7,1.0,1.0,True
136,1,0.5625,63775,0.0,0.0,1.0,1.0,-0.6,-0.6,0.5064210113680909,0.5064210113680909,True
136,2,0.5625,629,0.0,0.0,1.0,1.0,-0.6,-0.6,0.5500794912559619,0.5500794912559619,True
136,3,0.5625,2,0.0,0.7000000000000011,1.0,1.0,-0.6,8.7,0.5,1.0,True
137,1,0.1875,63775,8.35,8.35,1.0,1.0,-0.6,-0.6,0.5064210113680909,0.5064210113680909,True
137,2,0.1875,1,0.0,0.0,0.0,0.0,7.75,7.75,1.0,1.0,True
137,3,0.1875,1,0.0,0.0,0.0,0.0,7.75,7.75,1.0,1.0,True
138,1,0.25,63775,9.15,9.15,1.0,1.0,-0.6,-0.6,0.5064210113680909,0.5064210113680909,True
138,2,0.25,1,0.0,0.0,0.0,0.0,8.55,8.55,1.0,1.0,True
138,3,0.25,1,0.0,0.0,0.0,0.0,8.55,8.55,1.0,1.0,True
139,1,0.5625,63775,0.0,0.0,1.0,1.0,-0.6,-0.6,0.5064210113680909,0.5064210113680909,True
139,2,0.5625,629,0.0,0.0,1.0,1.0,-0.6,-0.6,0.7281399046104928,0.7281399046104928,True
139,3,0.5625,4,0.0,0.0,1.0,1.0,9.4,9.4,1.0,1.0,True
140,1,0.25,63775,9.25,9.25,1.0,1.0,-0.6,-0.6,0.5064210113680909,0.5064210113680909,True
140,2,0.25,4,0.0,0.0,1.0,1.0,8.65,8.65,1.0,1.0,True
140,3,0.25,1,0.0,0.0,0.0,0.0,8.65,8.65,1.0,1.0,True
141,1,0.6875,63775,9.25,9.25,1.0,1.0,-0.6,-0.6,0.5064210113680909,0.5064210113680909,True
141,2,0.6875,27535,9.25,9.25,1.0,1.0,-0.6,-0.6,0.5917559469765753,0.5917559469765753,True
141,3,0.6875,5,0.0,0.0,1.0,1.0,8.65,8.65,1.0,1.0,True
142,1,0.4375,63775,0.0,0.0,1.0,1.0,-0.6,-0.6,0.5064210113680909,0.5064210113680909,True
142,2,0.4375,8,0.0,0.0,1.0,1.0,9.4,9.4,1.0,1.0,True
142,3,0.4375,1,0.0,0.0,0.0,0.0,9.4,9.4,1.0,1.0,True
143,1,0.5625,63775,0.0,0.0,1.0,1.0,-0.6,-0.6,0.5064210113680909,0.5064210113680909,True
143,2,0.5625,68,0.0,0.0,1.0,1.0,9.4,9.4,1.0,1.0,True
143,3,0.5625,2,0.0,0.0,1.0,1.0,9.4,9.4,1.0,1.0,True
144,1,0.6875,63775,0.0,0.0,1.0,1.0,-0.6,-0.6,0.5064210113680909,0.5064210113680909,True
144,2,0.6875,27535,0.0,0.0,1.0,1.0,-0.6,-0.6,0.5917559469765753,0.5917559469765753,True
144,3,0.6875,8,0.0,0.0,1.0,1.0,9.4,9.4,1.0,1.0,True
145,1,0.375,63775,9.15,9.15,1.0,1.0,-0.6,-0.6,0.5064210113680909,0.5064210113680909,True
145,2,0.375,68,9.15,0.0,1.0,1.0,-0.6,8.55,0.5,1.0,True
145,3,0.375,1,0.0,0.0,0.0,0.0,8.55,8.55,1.0,1.0,True
146,1,0.0625,1,0.0,0.0,0.0,0.0,7.6,7.6,1.0,1.0,True
146,2,0.0625,1,0.0,0.0,0.0,0.0,7.6,7.6,1.0,1.0,True
146,3,0.0625,1,0.0,0.0,0.0,0.0,7.6,7.6,1.0,1.0,True
147,1,0.75,63775,0.0,0.0,1.0,1.0,-0.6,-0.6,0.5064210113680909,0.5064210113680909,True
147,2,0.75,27535,0.0,0.0,1.0,1.0,-0.6,-0.6,0.5917559469765753,0.5917559469765753,True
147,3,0.75,9,0.0,0.7000000000000011,1.0,1.0,-0.6,8.7,0.6666666666666666,1.0,True
148,1,0.625,63775,9.2,9.2,1.0,1.0,-0.6,-0.6,0.5064210113680909,0.5064210113680909,True
148,2,0.625,629,0.0,9.2,1.0,1.0,-1.4,-0.6,0.7281399046104928,0.0,True
148,3,0.625,4,0.0,0.0,1.0,1.0,8.6,8.6,1.0,1.0,True
149,1,0.1875,7,0.0,9.25,1.0,1.0,-1.35,-0.6,0.7142857142857143,0.0,True
149,2,0.1875,1,0.0,0.0,0.0,0.0,8.65,8.65,1.0,1.0,True
149,3,0.1875,1,0.0,0.0,0.0,0.0,8.65,8.65,1.0,1.0,True
150,1,0.375,63775,8.25,8.25,1.0,1.0,-0.6,-0.6,0.5064210113680909,0.5064210113680909,True
150,2,0.375,8,0.0,0.0,1.0,1.0,7.65,7.65,1.0,1.0,True
150,3,0.375,1,0.0,0.0,0.0,0.0,7.65,7.65,1.0,1.0,True
151,1,0.1875,193,0.0,9.15,1.0,1.0,-1.45,-0.6,0.5647668393782384,0.0,True
151,2,0.1875,1,0.0,0.0,0.0,0.0,8.55,8.55,1.0,1.0,True
151,3,0.1875,1,0.0,0.0,0.0,0.0,8.55,8.55,1.0,1.0,True
152,1,0.3125,63775,9.299999999999999,9.299999999999999,1.0,1.0,-0.6,-0.6,0.5064210113680909,0.5064210113680909,True
152,2,0.3125,52,9.299999999999999,1.0999999999999996,1.0,1.0,-0.6,7.6,0.6538461538461539,1.0,True
152,3,0.3125,1,0.0,0.0,0.0,0.0,8.7,8.7,1.0,1.0,True
153,1,0.0625,1,0.0,0.0,0.0,0.0,8.7,8.7,1.0,1.0,True
153,2,0.0625,1,0.0,0.0,0.0,0.0,8.7,8.7,1.0,1.0,True
153,3,0.0625,1,0.0,0.0,0.0,0.0,8.7,8.7,1.0,1.0,True
154,1,0.4375,63775,0.0,0.0,1.0,1.0,-0.6,-0.6,0.5064210113680909,0.5064210113680909,True
154,2,0.4375,629,0.0,0.0,1.0,1.0,-0.6,-0.6,0.7281399046104928,0.7281399046104928,True
154,3,0.4375,4,0.0,0.0,1.0,1.0,9.4,9.4,1.0,1.0,True
155,1,0.0625,1,0.0,0.0,0.0,0.0,8.7,8.7,1.0,1.0,True
155,2,0.0625,1,0.0,0.0,0.0,0.0,8.7,8.7,1.0,1.0,True
155,3,0.0625,1,0.0,0.0,0.0,0.0,8.7,8.7,1.0,1.0,True
156,1,0.75,63775,9.299999999999999,9.299999999999999,1.0,1.0,-0.6,-0.6,0.5064210113680909,0.5064210113680909,True
156,2,0.75,27535,9.299999999999999,9.299999999999999,1.0,1.0,-0.6,-0.6,0.5917559469765753,0.5917559469765753,True
156,3,0.75,22,0.0,0.0,1.0,1.0,8.7,8.7,1.0,1.0,True
157,1,0.375,63775,9.2,9.2,1.0,1.0,-0.6,-0.6,0.5064210113680909,0.5064210113680909,True
157,2,0.375,629,9.95,9.2,1.0,1.0,-1.35,-0.6,0.7281399046104928,0.0,True
157,3,0.375,1,0.0,0.0,0.0,0.0,8.6,8.6,1.0,1.0,True
158,1,0.25,63775,0.0,0.0,1.0,1.0,-0.6,-0.6,0.5064210113680909,0.5064210113680909,True
158,2,0.25,4,0.0,0.0,1.0,1.0,9.4,9.4,1.0,1.0,True
158,3,0.25,1,0.0,0.0,0.0,0.0,9.4,9.4,1.0,1.0,True
159,1,0.1875,7,0.0,9.299999999999999,1.0,1.0,-1.3,-0.6,0.7142857142857143,0.0,True
159,2,0.1875,1,0.0,0.0,0.0,0.0,8.7,8.7,1.0,1.0,True
159,3,0.1875,1,0.0,0.0,0.0,0.0,8.7,8.7,1.0,1.0,True
160,1,0.125,193,0.0,9.2,1.0,1.0,-1.4,-0.6,0.5647668393782384,0.0,True
160,2,0.125,1,0.0,0.0,0.0,0.0,8.6,8.6,1.0,1.0,True
160,3,0.125,1,0.0,0.0,0.0,0.0,8.6,8.6,1.0,1.0,True
161,1,0.125,7,9.1,8.299999999999999,1.0,1.0,-1.4,-0.6,0.7142857142857143,0.0,True
161,2,0.125,1,0.0,0.0,0.0,0.0,7.699999999999999,7.699999999999999,1.0,1.0,True
161,3,0.125,1,0.0,0.0,0.0,0.0,7.699999999999999,7.699999999999999,1.0,1.0,True
162,1,0.5,63775,0.0,0.0,1.0,1.0,-0.6,-0.6,0.5064210113680909,0.5064210113680909,True
162,2,0.5,27535,0.0,0.0,1.0,1.0,-0.6,-0.6,0.5917559469765753,0.5917559469765753,True
162,3,0.5,4,0.0,0.0,1.0,1.0,9.4,9.4,1.0,1.0,True
163,1,0.5625,63775,0.0,0.0,1.0,1.0,-0.6,-0.6,0.5064210113680909,0.5064210113680909,True
163,2,0.5625,27535,0.0,0.0,1.0,1.0,-0.6,-0.6,0.5917559469765753,0.5917559469765753,True
163,3,0.5625,6,0.0,0.0,1.0,1.0,9.4,9.4,1.0,1.0,True
164,1,0.75,63775,0.0,0.0,1.0,1.0,-0.6,-0.6,0.5064210113680909,0.5064210113680909,True
164,2,0.75,27535,0.0,0.0,1.0,1.0,-0.6,-0.6,0.5917559469765753,0.5917559469765753,True
164,3,0.75,4,0.0,0.0,1.0,1.0,9.4,9.4,1.0,1.0,True
165,1,0.5,63775,0.0,0.0,1.0,1.0,-0.6,-0.6,0.5064210113680909,0.5064210113680909,True
165,2,0.5,27535,0.0,0.0,1.0,1.0,-0.6,-0.6,0.5917559469765753,0.5917559469765753,True
165,3,0.5,17,0.0,0.75,1.0,1.0,-0.6,8.65,0.5294117647058824,1.0,True
166,1,0.6875,63775,0.0,0.0,1.0,1.0,-0.6,-0.6,0.5064210113680909,0.5064210113680909,True
166,2,0.6875,27535,0.0,0.0,1.0,1.0,-0.6,-0.6,0.5917559469765753,0.5917559469765753,True
166,3,0.6875,9,0.0,0.0,1.0,1.0,9.4,9.4,1.0,1.0,True
167,1,0.6875,63775,9.299999999999999,9.299999999999999,1.0,1.0,-0.6,-0.6,0.5064210113680909,0.5064210113680909,True
167,2,0.6875,27535,9.299999999999999,9.299999999999999,1.0,1.0,-0.6,-0.6,0.5917559469765753,0.5917559469765753,True
167,3,0.6875,22,9.299999999999999,0.049999999999998934,1.0,1.0,-0.6,8.65,0.6363636363636364,1.0,True
168,1,0.375,63775,0.0,0.0,1.0,1.0,-0.6,-0.6,0.5064210113680909,0.5064210113680909,True
168,2,0.375,4,0.0,0.0,1.0,1.0,9.4,9.4,1.0,1.0,True
168,3,0.375,1,0.0,0.0,0.0,0.0,9.4,9.4,1.0,1.0,True
169,1,0.5,63775,9.299999999999999,9.299999999999999,1.0,1.0,-0.6,-0.6,0.5064210113680909,0.5064210113680909,True
169,2,0.5,27535,9.299999999999999,9.299999999999999,1.0,1.0,-0.6,-0.6,0.5917559469765753,0.5917559469765753,True
169,3,0.5,4,0.0,0.0,1.0,1.0,8.7,8.7,1.0,1.0,True
170,1,0.3125,63775,0.0,0.0,1.0,1.0,-0.6,-0.6,0.5064210113680909,0.5064210113680909,True
170,2,0.3125,2,0.0,0.0,1.0,1.0,9.4,9.4,1.0,1.0,True
170,3,0.3125,1,0.0,0.0,0.0,0.0,9.4,9.4,1.0,1.0,True
171,1,0.3125,63775,9.15,9.15,1.0,1.0,-0.6,-0.6,0.5064210113680909,0.5064210113680909,True
171,2,0.3125,6,0.0,0.0,1.0,1.0,8.55,8.55,1.0,1.0,True
171,3,0.3125,1,0.0,0.0,0.0,0.0,8.55,8.55,1.0,1.0,True
172,1,0.25,193,9.0,8.25,1.0,1.0,-1.35,-0.6,0.5647668393782384,0.0,True
172,2,0.25,2,0.0,0.0,1.0,1.0,7.65,7.65,1.0,1.0,True
172,3,0.25,1,0.0,0.0,0.0,0.0,7.65,7.65,1.0,1.0,True
173,1,0.625,63775,9.25,9.25,1.0,1.0,-0.6,-0.6,0.5064210113680909,0.5064210113680909,True
173,2,0.625,27535,9.25,9.25,1.0,1.0,-0.6,-0.6,0.5917559469765753,0.5917559469765753,True
173,3,0.625,1,0.0,0.0,0.0,0.0,8.65,8.65,1.0,1.0,True
174,1,0.4375,63775,9.2,9.2,1.0,1.0,-0.6,-0.6,0.5064210113680909,0.5064210113680909,True
174,2,0.4375,52,9.9,0.0,1.0,1.0,-1.3,8.6,0.6538461538461539,1.0,True
174,3,0.4375,1,0.0,0.0,0.0,0.0,8.6,8.6,1.0,1.0,True
175,1,0.625,63775,0.0,0.0,1.0,1.0,-0.6,-0.6,0.5064210113680909,0.5064210113680909,True
175,2,0.625,27535,0.0,0.0,1.0,1.0,-0.6,-0.6,0.5917559469765753,0.5917559469765753,True
175,3,0.625,17,0.0,0.0,1.0,1.0,9.4,9.4,1.0,1.0,True
176,1,0.875,63775,0.0,0.0,1.0,1.0,-0.6,-0.6,0.5064210113680909,0.5064210113680909,True
176,2,0.875,27535,0.0,0.0,1.0,1.0,-0.6,-0.6,0.5917559469765753,0.5917559469765753,True
176,3,0.875,43,0.0,0.0,1.0,1.0,9.4,9.4,1.0,1.0,True
177,1,0.625,63775,0.0,0.0,1.0,1.0,-0.6,-0.6,0.5064210113680909,0.5064210113680909,True
177,2,0.625,27535,0.0,0.0,1.0,1.0,-0.6,-0.6,0.5917559469765753,0.5917559469765753,True
177,3,0.625,1,0.0,0.0,0.0,0.0,9.4,9.4,1.0,1.0,True
178,1,0.25,63775,9.299999999999999,9.299999999999999,1.0,1.0,-0.6,-0.6,0.5064210113680909,0.5064210113680909,True
178,2,0.25,4,0.0,0.0,1.0,1.0,8.7,8.7,1.0,1.0,True
178,3,0.25,1,0.0,0.0,0.0,0.0,8.7,8.7,1.0,1.0,True
179,1,0.125,63775,9.2,9.2,1.0,1.0,-0.6,-0.6,0.5064210113680909,0.5064210113680909,True
179,2,0.125,1,0.0,0.0,0.0,0.0,8.6,8.6,1.0,1.0,True
179,3,0.125,1,0.0,0.0,0.0,0.0,8.6,8.6,1.0,1.0,True
180,1,0.9375,63775,0.0,0.0,1.0,1.0,-0.6,-0.6,0.5064210113680909,0.5064210113680909,True
180,2,0.9375,27535,0.0,0.0,1.0,1.0,-0.6,-0.6,0.5917559469765753,0.5917559469765753,True
180,3,0.9375,743,0.0,0.0,1.0,1.0,-0.6,-0.6,0.7617765814266487,0.7617765814266487,True
181,1,0.375,63775,9.2,9.2,1.0,1.0,-0.6,-0.6,0.5064210113680909,0.5064210113680909,True
181,2,0.375,35,0.0,9.2,1.0,1.0,-1.4,-0.6,0.7428571428571429,0.0,True
181,3,0.375,1,0.0,0.0,0.0,0.0,8.6,8.6,1.0,1.0,True
182,1,0.8125,63775,0.0,0.0,1.0,1.0,-0.6,-0.6,0.5064210113680909,0.5064210113680909,True
182,2,0.8125,27535,0.0,0.0,1.0,1.0,-0.6,-0.6,0.5917559469765753,0.5917559469765753,True
182,3,0.8125,22,0.0,0.0,1.0,1.0,9.4,9.4,1.0,1.0,True
183,1,0.875,63775,0.0,0.0,1.0,1.0,-0.6,-0.6,0.5064210113680909,0.5064210113680909,True
183,2,0.875,27535,0.0,0.0,1.0,1.0,-0.6,-0.6,0.5917559469765753,0.5917559469765753,True
183,3,0.875,743,0.0,0.0,1.0,1.0,-0.6,-0.6,0.7617765814266487,0.7617765814266487,True
184,1,0.6875,63775,0.0,0.0,1.0,1.0,-0.6,-0.6,0.5064210113680909,0.5064210113680909,True
184,2,0.6875,27535,0.0,0.0,1.0,1.0,-0.6,-0.6,0.5917559469765753,0.5917559469765753,True
184,3,0.6875,9,0.0,0.0,1.0,1.0,9.4,9.4,1.0,1.0,True
185,1,0.1875,193,0.0,9.15,1.0,1.0,-1.45,-0.6,0.5647668393782384,0.0,True
185,2,0.1875,1,0.0,0.0,0.0,0.0,8.55,8.55,1.0,1.0,True
185,3,0.1875,1,0.0,0.0,0.0,0.0,8.55,8.55,1.0,1.0,True
186,1,0.375,63775,0.0,0.0,1.0,1.0,-0.6,-0.6,0.5064210113680909,0.5064210113680909,True
186,2,0.375,6,0.0,0.0,1.0,1.0,9.4,9.4,1.0,1.0,True
186,3,0.375,1,0.0,0.0,0.0,0.0,9.4,9.4,1.0,1.0,True
187,1,0.3125,63775,8.35,8.35,1.0,1.0,-0.6,-0.6,0.5064210113680909,0.5064210113680909,True
187,2,0.3125,4,0.0,0.0,1.0,1.0,7.75,7.75,1.0,1.0,True
187,3,0.3125,1,0.0,0.0,0.0,0.0,7.75,7.75,1.0,1.0,True
188,1,0.375,63775,9.299999999999999,9.299999999999999,1.0,1.0,-0.6,-0.6,0.5064210113680909,0.5064210113680909,True
188,2,0.375,52,9.299999999999999,1.0999999999999996,1.0,1.0,-0.6,7.6,0.6538461538461539,1.0,True
188,3,0.375,1,0.0,0.0,0.0,0.0,8.7,8.7,1.0,1.0,True
189,1,0.125,1,0.0,0.0,0.0,0.0,7.699999999999999,7.699999999999999,1.0,1.0,True
189,2,0.125,1,0.0,0.0,0.0,0.0,7.699999999999999,7.699999999999999,1.0,1.0,True
189,3,0.125,1,0.0,0.0,0.0,0.0,7.699999999999999,7.699999999999999,1.0,1.0,True
190,1,0.1875,63775,0.0,0.0,1.0,1.0,-0.6,-0.6,0.5064210113680909,0.5064210113680909,True
190,2,0.1875,2,0.0,0.0,1.0,1.0,9.4,9.4,1.0,1.0,True
190,3,0.1875,1,0.0,0.0,0.0,0.0,9.4,9.4,1.0,1.0,True
191,1,0.625,63775,0.0,0.0,1.0,1.0,-0.6,-0.6,0.5064210113680909,0.5064210113680909,True
191,2,0.625,27535,0.0,0.0,1.0,1.0,-0.6,-0.6,0.5917559469765753,0.5917559469765753,True
191,3,0.625,2,0.0,0.0,1.0,1.0,9.4,9.4,1.0,1.0,True
192,1,0.5625,63775,9.2,9.2,1.0,1.0,-0.6,-0.6,0.5064210113680909,0.5064210113680909,True
192,2,0.5625,27535,9.2,9.2,1.0,1.0,-0.6,-0.6,0.5917559469765753,0.5917559469765753,True
192,3,0.5625,2,0.0,0.0,1.0,1.0,8.6,8.6,1.0,1.0,True
193,1,0.5,63775,0.0,0.0,1.0,1.0,-0.6,-0.6,0.5064210113680909,0.5064210113680909,True
193,2,0.5,68,0.0,0.75,1.0,1.0,-0.6,8.65,0.5,1.0,True
193,3,0.5,2,0.0,0.7000000000000011,1.0,1.0,-0.6,8.7,0.5,1.0,True
194,1,0.375,63775,0.0,0.0,1.0,1.0,-0.6,-0.6,0.5064210113680909,0.5064210113680909,True
194,2,0.375,27535,0.0,0.0,1.0,1.0,-0.6,-0.6,0.5917559469765753,0.5917559469765753,True
194,3,0.375,1,0.0,0.0,0.0,0.0,9.4,9.4,1.0,1.0,True
195,1,0.25,63775,9.15,9.15,1.0,1.0,-0.6,-0.6,0.5064210113680909,0.5064210113680909,True
195,2,0.25,1,0.0,0.0,0.0,0.0,8.55,8.55,1.0,1.0,True
195,3,0.25,1,0.0,0.0,0.0,0.0,8.55,8.55,1.0,1.0,True
196,1,0.5,63775,0.0,0.0,1.0,1.0,-0.6,-0.6,0.5064210113680909,0.5064210113680909,True
196,2,0.5,27535,0.0,0.0,1.0,1.0,-0.6,-0.6,0.5917559469765753,0.5917559469765753,True
196,3,0.5,2,0.0,0.0,1.0,1.0,9.4,9.4,1.0,1.0,True
197,1,0.1875,193,7.9,7.1499999999999995,1.0,1.0,-1.35,-0.6,0.5647668393782384,0.0,True
197,2,0.1875,2,0.0,0.0,1.0,1.0,6.55,6.55,1.0,1.0,True
197,3,0.1875,1,0.0,0.0,0.0,0.0,6.55,6.55,1.0,1.0,True
198,1,0.875,63775,0.0,0.0,1.0,1.0,-0.6,-0.6,0.5064210113680909,0.5064210113680909,True
198,2,0.875,27535,0.0,0.0,1.0,1.0,-0.6,-0.6,0.5917559469765753,0.5917559469765753,True
198,3,0.875,743,0.0,0.0,1.0,1.0,-0.6,-0.6,0.7617765814266487,0.7617765814266487,True
199,1,0.75,63775,0.0,0.0,1.0,1.0,-0.6,-0.6,0.5064210113680909,0.5064210113680909,True
199,2,0.75,27535,0.0,0.0,1.0,1.0,-0.6,-0.6,0.5917559469765753,0.5917559469765753,True
199,3,0.75,43,0.0,0.7000000000000011,1.0,1.0,-0.6,8.7,0.6976744186046512,1.0,True
200,1,0.1875,193,9.1,8.35,1.0,1.0,-1.35,-0.6,0.5647668393782384,0.0,True
200,2,0.1875,2,0.0,0.0,1.0,1.0,7.75,7.75,1.0,1.0,True
200,3,0.1875,1,0.0,0.0,0.0,0.0,7.75,7.75,1.0,1.0,True
201,1,0.125,7,0.0,9.299999999999999,1.0,1.0,-1.3,-0.6,0.7142857142857143,0.0,True
201,2,0.125,1,0.0,0.0,0.0,0.0,8.7,8.7,1.0,1.0,True
201,3,0.125,1,0.0,0.0,0.0,0.0,8.7,8.7,1.0,1.0,True
202,1,0.4375,63775,0.0,0.0,1.0,1.0,-0.6,-0.6,0.5064210113680909,0.5064210113680909,True
202,2,0.4375,629,0.0,0.0,1.0,1.0,-0.6,-0.6,0.7281399046104928,0.7281399046104928,True
202,3,0.4375,1,0.0,0.0,0.0,0.0,9.4,9.4,1.0,1.0,True
203,1,0.3125,63775,9.25,9.25,1.0,1.0,-0.6,-0.6,0.5064210113680909,0.5064210113680909,True
203,2,0.3125,6,0.0,0.0,1.0,1.0,8.65,8.65,1.0,1.0,True
203,3,0.3125,1,0.0,0.0,0.0,0.0,8.65,8.65,1.0,1.0,True
204,1,0.3125,63775,9.299999999999999,9.299999999999999,1.0,1.0,-0.6,-0.6,0.5064210113680909,0.5064210113680909,True
204,2,0.3125,4,0.0,0.0,1.0,1.0,8.7,8.7,1.0,1.0,True
204,3,0.3125,1,0.0,0.0,0.0,0.0,8.7,8.7,1.0,1.0,True
205,1,0.5625,63775,0.0,0.0,1.0,1.0,-0.6,-0.6,0.5064210113680909,0.5064210113680909,True
205,2,0.5625,27535,0.0,0.0,1.0,1.0,-0.6,-0.6,0.5917559469765753,0.5917559469765753,True
205,3,0.5625,2,0.0,0.0,1.0,1.0,9.4,9.4,1.0,1.0,True
206,1,0.1875,193,0.0,9.2,1.0,1.0,-1.4,-0.6,0.5647668393782384,0.0,True
206,2,0.1875,1,0.0,0.0,0.0,0.0,8.6,8.6,1.0,1.0,True
206,3,0.1875,1,0.0,0.0,0.0,0.0,8.6,8.6,1.0,1.0,True
207,1,0.375,63775,9.25,9.25,1.0,1.0,-0.6,-0.6,0.5064210113680909,0.5064210113680909,True
207,2,0.375,6,0.0,0.0,1.0,1.0,8.65,8.65,1.0,1.0,True
207,3,0.375,1,0.0,0.0,0.0,0.0,8.65,8.65,1.0,1.0,True
208,1,0.75,63775,0.0,0.0,1.0,1.0,-0.6,-0.6,0.5064210113680909,0.5064210113680909,True
208,2,0.75,27535,0.0,0.0,1.0,1.0,-0.6,-0.6,0.5917559469765753,0.5917559469765753,True
208,3,0.75,43,0.0,0.0,1.0,1.0,9.4,9.4,1.0,1.0,True
209,1,0.25,63775,9.25,9.25,1.0,1.0,-0.6,-0.6,0.5064210113680909,0.5064210113680909,True
209,2,0.25,2,0.0,0.0,1.0,1.0,8.65,8.65,1.0,1.0,True
209,3,0.25,1,0.0,0.0,0.0,0.0,8.65,8.65,1.0,1.0,True
210,1,0.3125,63775,9.299999999999999,9.299999999999999,1.0,1.0,-0.6,-0.6,0.5064210113680909,0.5064210113680909,True
210,2,0.3125,629,9.299999999999999,9.299999999999999,1.0,1.0,-0.6,-0.6,0.5500794912559619,0.5500794912559619,True
210,3,0.3125,1,0.0,0.0,0.0,0.0,8.7,8.7,1.0,1.0,True
211,1,0.625,63775,0.0,0.0,1.0,1.0,-0.6,-0.6,0.5064210113680909,0.5064210113680909,True
211,2,0.625,27535,0.0,0.0,1.0,1.0,-0.6,-0.6,0.5917559469765753,0.5917559469765753,True
211,3,0.625,6,0.0,0.0,1.0,1.0,9.4,9.4,1.0,1.0,True
212,1,0.875,63775,0.0,0.0,1.0,1.0,-0.6,-0.6,0.5064210113680909,0.5064210113680909,True
212,2,0.875,27535,0.0,0.0,1.0,1.0,-0.6,-0.6,0.5917559469765753,0.5917559469765753,True
212,3,0.875,743,0.0,0.0,1.0,1.0,-0.6,-0.6,0.7617765814266487,0.7617765814266487,True
213,1,0.5625,63775,0.0,0.0,1.0,1.0,-0.6,-0.6,0.5064210113680909,0.5064210113680909,True
213,2,0.5625,629,0.0,0.0,1.0,1.0,-0.6,-0.6,0.7281399046104928,0.7281399046104928,True
213,3,0.5625,2,0.0,0.0,1.0,1.0,9.4,9.4,1.0,1.0,True
214,1,0.6875,63775,0.0,0.0,1.0,1.0,-0.6,-0.6,0.5064210113680909,0.5064210113680909,True
214,2,0.6875,27535,0.0,0.0,1.0,1.0,-0.6,-0.6,0.5917559469765753,0.5917559469765753,True
214,3,0.6875,43,0.0,1.6500000000000004,1.0,1.0,-0.6,7.75,0.813953488372093,1.0,True
215,1,0.6875,63775,0.0,0.0,1.0,1.0,-0.6,-0.6,0.5064210113680909,0.5064210113680909,True
215,2,0.6875,27535,0.0,0.0,1.0,1.0,-0.6,-0.6,0.5917559469765753,0.5917559469765753,True
215,3,0.6875,17,0.0,0.75,1.0,1.0,-0.6,8.65,0.5294117647058824,1.0,True
216,1,0.75,63775,0.0,0.0,1.0,1.0,-0.6,-0.6,0.5064210113680909,0.5064210113680909,True
216,2,0.75,27535,0.0,0.0,1.0,1.0,-0.6,-0.6,0.5917559469765753,0.5917559469765753,True
216,3,0.75,43,0.0,0.0,1.0,1.0,9.4,9.4,1.0,1.0,True
217,1,0.25,63775,9.2,9.2,1.0,1.0,-0.6,-0.6,0.5064210113680909,0.5064210113680909,True
217,2,0.25,4,0.0,0.0,1.0,1.0,8.6,8.6,1.0,1.0,True
217,3,0.25,1,0.0,0.0,0.0,0.0,8.6,8.6,1.0,1.0,True
218,1,0.3125,63775,9.25,9.25,1.0,1.0,-0.6,-0.6,0.5064210113680909,0.5064210113680909,True
218,2,0.3125,2,0.0,0.0,1.0,1.0,8.65,8.65,1.0,1.0,True
218,3,0.3125,1,0.0,0.0,0.0,0.0,8.65,8.65,1.0,1.0,True
219,1,0.4375,63775,0.0,0.0,1.0,1.0,-0.6,-0.6,0.5064210113680909,0.5064210113680909,True
219,2,0.4375,629,0.0,0.0,1.0,1.0,-0.6,-0.6,0.5500794912559619,0.5500794912559619,True
219,3,0.4375,4,0.0,0.0,1.0,1.0,9.4,9.4,1.0,1.0,True
220,1,0.6875,63775,9.25,9.25,1.0,1.0,-0.6,-0.6,0.5064210113680909,0.5064210113680909,True
220,2,0.6875,27535,9.25,9.25,1.0,1.0,-0.6,-0.6,0.5917559469765753,0.5917559469765753,True
220,3,0.6875,22,0.0,0.0,1.0,1.0,8.65,8.65,1.0,1.0,True
221,1,0.625,63775,9.25,9.25,1.0,1.0,-0.6,-0.6,0.5064210113680909,0.5064210113680909,True
221,2,0.625,27535,9.25,9.25,1.0,1.0,-0.6,-0.6,0.5917559469765753,0.5917559469765753,True
221,3,0.625,8,0.0,0.0,1.0,1.0,8.65,8.65,1.0,1.0,True
222,1,0.0625,1,0.0,0.0,0.0,0.0,8.55,8.55,1.0,1.0,True
222,2,0.0625,1,0.0,0.0,0.0,0.0,8.55,8.55,1.0,1.0,True
222,3,0.0625,1,0.0,0.0,0.0,0.0,8.55,8.55,1.0,1.0,True
223,1,0.8125,63775,9.299999999999999,9.299999999999999,1.0,1.0,-0.6,-0.6,0.5064210113680909,0.5064210113680909,True
223,2,0.8125,27535,9.299999999999999,9.299999999999999,1.0,1.0,-0.6,-0.6,0.5917559469765753,0.5917559469765753,True
223,3,0.8125,743,9.299999999999999,9.299999999999999,1.0,1.0,-0.6,-0.6,0.7617765814266487,0.7617765814266487,True
224,1,0.4375,63775,9.299999999999999,9.299999999999999,1.0,1.0,-0.6,-0.6,0.5064210113680909,0.5064210113680909,True
224,2,0.4375,68,0.0,0.0,1.0,1.0,8.7,8.7,1.0,1.0,True
224,3,0.4375,2,0.0,0.0,1.0,1.0,8.7,8.7,1.0,1.0,True
225,1,0.125,7,0.0,8.35,1.0,1.0,-2.25,-0.6,0.7142857142857143,0.0,True
225,2,0.125,1,0.0,0.0,0.0,0.0,7.75,7.75,1.0,1.0,True
225,3,0.125,1,0.0,0.0,0.0,0.0,7.75,7.75,1.0,1.0,True
226,1,0.3125,63775,9.299999999999999,9.299999999999999,1.0,1.0,-0.6,-0.6,0.5064210113680909,0.5064210113680909,True
226,2,0.3125,4,0.0,0.0,1.0,1.0,8.7,8.7,1.0,1.0,True
226,3,0.3125,1,0.0,0.0,0.0,0.0,8.7,8.7,1.0,1.0,True
227,1,0.375,63775,9.299999999999999,9.299999999999999,1.0,1.0,-0.6,-0.6,0.5064210113680909,0.5064210113680909,True
227,2,0.375,8,0.0,0.0,1.0,1.0,8.7,8.7,1.0,1.0,True
227,3,0.375,1,0.0,0.0,0.0,0.0,8.7,8.7,1.0,1.0,True
228,1,0.375,63775,0.0,0.0,1.0,1.0,-0.6,-0.6,0.5064210113680909,0.5064210113680909,True
228,2,0.375,52,0.0,1.700000000000001,1.0,1.0,-0.6,7.699999999999999,0.6538461538461539,1.0,True
228,3,0.375,1,0.0,0.0,0.0,0.0,9.4,9.4,1.0,1.0,True
229,1,0.6875,63775,0.0,0.0,1.0,1.0,-0.6,-0.6,0.5064210113680909,0.5064210113680909,True
229,2,0.6875,27535,0.0,0.0,1.0,1.0,-0.6,-0.6,0.5917559469765753,0.5917559469765753,True
229,3,0.6875,2,0.0,0.7000000000000011,1.0,1.0,-0.6,8.7,0.5,1.0,True
230,1,0.3125,63775,0.0,0.0,1.0,1.0,-0.6,-0.6,0.5064210113680909,0.5064210113680909,True
230,2,0.3125,3,0.0,0.8000000000000007,1.0,1.0,-0.6,8.6,0.6666666666666666,1.0,True
230,3,0.3125,1,0.0,0.0,0.0,0.0,9.4,9.4,1.0,1.0,True
231,1,0.375,63775,0.0,0.0,1.0,1.0,-0.6,-0.6,0.5064210113680909,0.5064210113680909,True
231,2,0.375,52,0.0,1.6500000000000004,1.0,1.0,-0.6,7.75,0.6538461538461539,1.0,True
231,3,0.375,1,0.0,0.0,0.0,0.0,9.4,9.4,1.0,1.0,True
232,1,0.5,63775,0.0,0.0,1.0,1.0,-0.6,-0.6,0.5064210113680909,0.5064210113680909,True
232,2,0.5,629,0.0,0.0,1.0,1.0,-0.6,-0.6,0.5500794912559619,0.5500794912559619,True
232,3,0.5,1,0.0,0.0,0.0,0.0,9.4,9.4,1.0,1.0,True
233,1,0.6875,63775,0.0,0.0,1.0,1.0,-0.6,-0.6,0.5064210113680909,0.5064210113680909,True
233,2,0.6875,27535,0.0,0.0,1.0,1.0,-0.6,-0.6,0.5917559469765753,0.5917559469765753,True
233,3,0.6875,22,0.0,1.6500000000000004,1.0,1.0,-0.6,7.75,0.9090909090909091,1.0,True
234,1,0.1875,63775,9.2,9.2,1.0,1.0,-0.6,-0.6,0.5064210113680909,0.5064210113680909,True
234,2,0.1875,1,0.0,0.0,0.0,0.0,8.6,8.6,1.0,1.0,True
234,3,0.1875,1,0.0,0.0,0.0,0.0,8.6,8.6,1.0,1.0,True
235,1,0.125,63775,8.25,8.25,1.0,1.0,-0.6,-0.6,0.5064210113680909,0.5064210113680909,True
235,2,0.125,1,0.0,0.0,0.0,0.0,7.65,7.65,1.0,1.0,True
235,3,0.125,1,0.0,0.0,0.0,0.0,7.65,7.65,1.0,1.0,True
236,1,0.375,63775,9.299999999999999,9.299999999999999,1.0,1.0,-0.6,-0.6,0.5064210113680909,0.5064210113680909,True
236,2,0.375,4,0.0,0.0,1.0,1.0,8.7,8.7,1.0,1.0,True
236,3,0.375,1,0.0,0.0,0.0,0.0,8.7,8.7,1.0,1.0,True
237,1,0.3125,63775,9.299999999999999,9.299999999999999,1.0,1.0,-0.6,-0.6,0.5064210113680909,0.5064210113680909,True
237,2,0.3125,27535,9.299999999999999,9.299999999999999,1.0,1.0,-0.6,-0.6,0.5917559469765753,0.5917559469765753,True
237,3,0.3125,2,0.0,0.0,1.0,1.0,8.7,8.7,1.0,1.0,True
238,1,0.1875,193,0.0,9.15,1.0,1.0,-1.45,-0.6,0.5647668393782384,0.0,True
238,2,0.1875,1,0.0,0.0,0.0,0.0,8.55,8.55,1.0,1.0,True
238,3,0.1875,1,0.0,0.0,0.0,0.0,8.55,8.55,1.0,1.0,True
239,1,0.3125,63775,0.0,0.0,1.0,1.0,-0.6,-0.6,0.5064210113680909,0.5064210113680909,True
239,2,0.3125,6,0.0,0.0,1.0,1.0,9.4,9.4,1.0,1.0,True
239,3,0.3125,1,0.0,0.0,0.0,0.0,9.4,9.4,1.0,1.0,True
240,1,0.375,63775,9.25,9.25,1.0,1.0,-0.6,-0.6,0.5064210113680909,0.5064210113680909,True
240,2,0.375,68,0.0,0.09999999999999964,1.0,1.0,-1.35,8.55,0.7058823529411765,1.0,True
240,3,0.375,2,0.0,0.0,1.0,1.0,8.65,8.65,1.0,1.0,True
241,1,0.625,63775,0.0,0.0,1.0,1.0,-0.6,-0.6,0.5064210113680909,0.5064210113680909,True
241,2,0.625,27535,0.0,0.0,1.0,1.0,-0.6,-0.6,0.5917559469765753,0.5917559469765753,True
241,3,0.625,2,0.0,0.0,1.0,1.0,9.4,9.4,1.0,1.0,True
242,1,0.4375,63775,9.25,9.25,1.0,1.0,-0.6,-0.6,0.5064210113680909,0.5064210113680909,True
242,2,0.4375,8,0.0,0.0,1.0,1.0,8.65,8.65,1.0,1.0,True
242,3,0.4375,1,0.0,0.0,0.0,0.0,8.65,8.65,1.0,1.0,True
243,1,0.25,193,9.299999999999999,9.299999999999999,1.0,1.0,-0.6,-0.6,0.5647668393782384,0.5647668393782384,True
243,2,0.25,2,9.299999999999999,0.0,1.0,1.0,-0.6,8.7,0.5,1.0,True
243,3,0.25,1,0.0,0.0,0.0,0.0,8.7,8.7,1.0,1.0,True
244,1,0.4375,63775,0.0,0.0,1.0,1.0,-0.6,-0.6,0.5064210113680909,0.5064210113680909,True
244,2,0.4375,25,0.0,0.0,1.0,1.0,9.4,9.4,1.0,1.0,True
244,3,0.4375,1,0.0,0.0,0.0,0.0,9.4,9.4,1.0,1.0,True
245,1,0.6875,63775,0.0,0.0,1.0,1.0,-0.6,-0.6,0.5064210113680909,0.5064210113680909,True
245,2,0.6875,27535,0.0,0.0,1.0,1.0,-0.6,-0.6,0.5917559469765753,0.5917559469765753,True
245,3,0.6875,8,0.0,0.0,1.0,1.0,9.4,9.4,1.0,1.0,True
246,1,0.4375,63775,0.0,0.0,1.0,1.0,-0.6,-0.6,0.5064210113680909,0.5064210113680909,True
246,2,0.4375,6,0.0,0.0,1.0,1.0,9.4,9.4,1.0,1.0,True
246,3,0.4375,1,0.0,0.0,0.0,0.0,9.4,9.4,1.0,1.0,True
247,1,0.375,63775,9.15,9.15,1.0,1.0,-0.6,-0.6,0.5064210113680909,0.5064210113680909,True
247,2,0.375,52,9.950000000000001,0.0,1.0,1.0,-1.4,8.55,0.6538461538461539,1.0,True
247,3,0.375,1,0.0,0.0,0.0,0.0,8.55,8.55,1.0,1.0,True
248,1,0.75,63775,0.0,0.0,1.0,1.0,-0.6,-0.6,0.5064210113680909,0.5064210113680909,True
248,2,0.75,27535,0.0,0.0,1.0,1.0,-0.6,-0.6,0.5917559469765753,0.5917559469765753,True
248,3,0.75,43,0.0,0.0,1.0,1.0,9.4,9.4,1.0,1.0,True
249,1,0.875,63775,0.0,0.0,1.0,1.0,-0.6,-0.6,0.5064210113680909,0.5064210113680909,True
249,2,0.875,27535,0.0,0.0,1.0,1.0,-0.6,-0.6,0.5917559469765753,0.5917559469765753,True
249,3,0.875,743,0.0,0.0,1.0,1.0,-0.6,-0.6,0.7617765814266487,0.7617765814266487,True
