rep,observed_states,rank,class_size_k1,class_size_k2,class_size_k3,class_size_k4
0,12,4,63775,27535,9,1
1,15,4,63775,27535,743,1
2,15,4,63775,27535,743,1
3,14,4,63775,27535,743,1
4,15,4,63775,27535,743,1
5,14,4,63775,27535,743,1
6,13,4,63775,27535,43,1
7,15,4,63775,27535,743,1
8,12,4,63775,27535,8,1
9,15,4,63775,27535,743,1
10,14,4,63775,27535,743,1
11,15,4,63775,27535,743,1
12,14,4,63775,27535,743,1
13,13,4,63775,27535,43,1
14,13,4,63775,27535,43,1
15,15,4,63775,27535,743,1
16,15,4,63775,27535,743,1
17,12,4,63775,27535,8,1
18,13,4,63775,27535,43,1
19,14,4,63775,27535,743,1
20,14,4,63775,27535,743,1
21,15,4,63775,27535,743,1
22,15,4,63775,27535,743,1
23,14,4,63775,27535,743,1
24,15,4,63775,27535,743,1
25,14,4,63775,27535,43,1
26,14,4,63775,27535,743,1
27,14,4,63775,27535,743,1
28,15,4,63775,27535,743,1
29,14,4,63775,27535,743,1
30,14,4,63775,27535,743,1
31,15,4,63775,27535,743,1
32,14,4,63775,27535,743,1
33,14,4,63775,27535,743,1
34,14,4,63775,27535,743,1
35,14,4,63775,27535,43,1
36,15,4,63775,27535,743,1
37,15,4,63775,27535,743,1
38,15,4,63775,27535,743,1
39,15,4,63775,27535,743,1
40,14,4,63775,27535,743,1
41,14,4,63775,27535,43,1
42,14,4,63775,27535,743,1
43,13,4,63775,27535,43,1
44,14,4,63775,27535,743,1
45,14,4,63775,27535,743,1
46,14,4,63775,27535,743,1
47,14,4,63775,27535,743,1
48,14,4,63775,27535,743,1
49,14,4,63775,27535,743,1
50,15,4,63775,27535,743,1
51,14,4,63775,27535,743,1
52,15,4,63775,27535,743,1
53,14,4,63775,27535,743,1
54,12,4,63775,27535,8,1
55,14,4,63775,27535,743,1
56,14,4,63775,27535,743,1
57,14,4,63775,27535,743,1
58,14,4,63775,27535,743,1
59,15,4,63775,27535,743,1
60,14,4,63775,27535,743,1
61,13,4,63775,27535,43,1
62,15,4,63775,27535,743,1
63,14,4,63775,27535,43,1
64,15,4,63775,27535,743,1
65,14,4,63775,27535,743,1
66,14,4,63775,27535,43,1
67,15,4,63775,27535,743,1
68,14,4,63775,27535,43,1
69,15,4,63775,27535,743,1
70,13,4,63775,27535,43,1
71,14,4,63775,27535,743,1
72,15,4,63775,27535,743,1
73,14,4,63775,27535,743,1
74,15,4,63775,27535,743,1
75,15,4,63775,27535,743,1
76,15,4,63775,27535,743,1
77,14,4,63775,27535,743,1
78,15,4,63775,27535,743,1
79,14,4,63775,27535,743,1
80,15,4,63775,27535,743,1
81,15,4,63775,27535,743,1
82,14,4,63775,27535,743,1
83,15,4,63775,27535,743,1
84,15,4,63775,27535,743,1
85,15,4,63775,27535,743,1
86,14,4,63775,27535,43,1
87,14,4,63775,27535,743,1
88,13,4,63775,27535,43,1
89,15,4,63775,27535,743,1
90,15,4,63775,27535,743,1
91,14,4,63775,27535,743,1
92,14,4,63775,27535,743,1
93,14,4,63775,27535,743,1
94,15,4,63775,27535,743,1
95,15,4,63775,27535,743,1
96,14,4,63775,27535,743,1
97,14,4,63775,27535,743,1
98,13,4,63775,27535,43,1
99,12,4,63775,27535,8,1
100,14,4,63775,27535,743,1
101,14,4,63775,27535,743,1
102,13,4,63775,27535,43,1
103,15,4,63775,27535,743,1
104,15,4,63775,27535,743,1
105,14,4,63775,27535,43,1
106,14,4,63775,27535,743,1
107,15,4,63775,27535,743,1
108,12,4,63775,27535,8,1
109,14,4,63775,27535,743,1
110,15,4,63775,27535,743,1
111,14,4,63775,27535,43,1
112,15,4,63775,27535,743,1
113,14,4,63775,27535,43,1
114,13,4,63775,27535,43,1
115,14,4,63775,27535,743,1
116,12,4,63775,27535,22,1
117,15,4,63775,27535,743,1
118,15,4,63775,27535,743,1
119,15,4,63775,27535,743,1
120,15,4,63775,27535,743,1
121,14,4,63775,27535,743,1
122,14,4,63775,27535,743,1
123,14,4,63775,27535,743,1
124,14,4,63775,27535,743,1
125,14,4,63775,27535,743,1
126,13,4,63775,27535,43,1
127,15,4,63775,27535,743,1
128,14,4,63775,27535,743,1
129,15,4,63775,27535,743,1
130,15,4,63775,27535,743,1
131,15,4,63775,27535,743,1
132,14,4,63775,27535,43,1
133,14,4,63775,27535,743,1
134,14,4,63775,27535,743,1
135,14,4,63775,27535,743,1
136,13,4,63775,27535,43,1
137,14,4,63775,27535,743,1
138,14,4,63775,27535,743,1
139,15,4,63775,27535,743,1
140,13,4,63775,27535,43,1
141,15,4,63775,27535,743,1
142,14,4,63775,27535,743,1
143,15,4,63775,27535,743,1
144,15,4,63775,27535,743,1
145,15,4,63775,27535,743,1
146,15,4,63775,27535,743,1
147,14,4,63775,27535,743,1
148,14,4,63775,27535,743,1
149,14,4,63775,27535,743,1
150,15,4,63775,27535,743,1
151,14,4,63775,27535,43,1
152,15,4,63775,27535,743,1
153,14,4,63775,27535,743,1
154,14,4,63775,27535,743,1
155,14,4,63775,27535,743,1
156,14,4,63775,27535,743,1
157,15,4,63775,27535,743,1
158,15,4,63775,27535,743,1
159,14,4,63775,27535,743,1
160,13,4,63775,27535,22,1
161,14,4,63775,27535,743,1
162,13,4,63775,27535,43,1
163,13,4,63775,27535,43,1
164,14,4,63775,27535,743,1
165,14,4,63775,27535,743,1
166,14,4,63775,27535,743,1
167,14,4,63775,27535,743,1
168,14,4,63775,27535,743,1
169,13,4,63775,27535,43,1
170,14,4,63775,27535,743,1
171,14,4,63775,27535,743,1
172,14,4,63775,27535,743,1
173,15,4,63775,27535,743,1
174,14,4,63775,27535,743,1
175,14,4,63775,27535,743,1
176,14,4,63775,27535,743,1
177,13,4,63775,27535,22,1
178,15,4,63775,27535,743,1
179,13,4,63775,27535,43,1
180,15,4,63775,27535,743,1
181,15,4,63775,27535,743,1
182,12,4,63775,27535,8,1
183,13,4,63775,27535,43,1
184,13,4,63775,27535,43,1
185,14,4,63775,27535,743,1
186,14,4,63775,27535,743,1
187,14,4,63775,27535,743,1
188,13,4,63775,27535,43,1
189,15,4,63775,27535,743,1
190,14,4,63775,27535,43,1
191,15,4,63775,27535,743,1
192,14,4,63775,27535,743,1
193,12,4,63775,27535,8,1
194,14,4,63775,27535,743,1
195,14,4,63775,27535,43,1
196,15,4,63775,27535,743,1
197,15,4,63775,27535,743,1
198,15,4,63775,27535,743,1
199,13,4,63775,27535,43,1
